rate_date,from_currency,to_currency,rate
2023-01-01,INR,USD,0.012116
2023-01-01,GBP,USD,1.203755
2023-01-01,AED,USD,0.272292
2023-01-01,SGD,USD,0.747767
2023-01-01,USD,USD,1.0
2023-01-02,INR,USD,0.012111
2023-01-02,GBP,USD,1.19469
2023-01-02,AED,USD,0.272298
2023-01-02,SGD,USD,0.747212
2023-01-02,USD,USD,1.0
2023-01-03,INR,USD,0.012104
2023-01-03,GBP,USD,1.195373
2023-01-03,AED,USD,0.272302
2023-01-03,SGD,USD,0.749693
2023-01-03,USD,USD,1.0
2023-01-04,INR,USD,0.012123
2023-01-04,GBP,USD,1.196024
2023-01-04,AED,USD,0.272289
2023-01-04,SGD,USD,0.747551
2023-01-04,USD,USD,1.0
2023-01-05,INR,USD,0.012129
2023-01-05,GBP,USD,1.203937
2023-01-05,AED,USD,0.27229
2023-01-05,SGD,USD,0.747338
2023-01-05,USD,USD,1.0
2023-01-06,INR,USD,0.012145
2023-01-06,GBP,USD,1.195135
2023-01-06,AED,USD,0.272285
2023-01-06,SGD,USD,0.748389
2023-01-06,USD,USD,1.0
2023-01-07,INR,USD,0.012171
2023-01-07,GBP,USD,1.193671
2023-01-07,AED,USD,0.272291
2023-01-07,SGD,USD,0.748928
2023-01-07,USD,USD,1.0
2023-01-08,INR,USD,0.012194
2023-01-08,GBP,USD,1.186978
2023-01-08,AED,USD,0.272301
2023-01-08,SGD,USD,0.745731
2023-01-08,USD,USD,1.0
2023-01-09,INR,USD,0.012113
2023-01-09,GBP,USD,1.183339
2023-01-09,AED,USD,0.272285
2023-01-09,SGD,USD,0.747597
2023-01-09,USD,USD,1.0
2023-01-10,INR,USD,0.012132
2023-01-10,GBP,USD,1.176076
2023-01-10,AED,USD,0.2723
2023-01-10,SGD,USD,0.745488
2023-01-10,USD,USD,1.0
2023-01-11,INR,USD,0.012128
2023-01-11,GBP,USD,1.17432
2023-01-11,AED,USD,0.272302
2023-01-11,SGD,USD,0.747232
2023-01-11,USD,USD,1.0
2023-01-12,INR,USD,0.012147
2023-01-12,GBP,USD,1.176378
2023-01-12,AED,USD,0.272313
2023-01-12,SGD,USD,0.748258
2023-01-12,USD,USD,1.0
2023-01-13,INR,USD,0.012127
2023-01-13,GBP,USD,1.172118
2023-01-13,AED,USD,0.272305
2023-01-13,SGD,USD,0.74933
2023-01-13,USD,USD,1.0
2023-01-14,INR,USD,0.012118
2023-01-14,GBP,USD,1.185981
2023-01-14,AED,USD,0.272291
2023-01-14,SGD,USD,0.747011
2023-01-14,USD,USD,1.0
2023-01-15,INR,USD,0.012141
2023-01-15,GBP,USD,1.194495
2023-01-15,AED,USD,0.272299
2023-01-15,SGD,USD,0.748795
2023-01-15,USD,USD,1.0
2023-01-16,INR,USD,0.012184
2023-01-16,GBP,USD,1.193914
2023-01-16,AED,USD,0.272275
2023-01-16,SGD,USD,0.747678
2023-01-16,USD,USD,1.0
2023-01-17,INR,USD,0.012212
2023-01-17,GBP,USD,1.185244
2023-01-17,AED,USD,0.272275
2023-01-17,SGD,USD,0.748227
2023-01-17,USD,USD,1.0
2023-01-18,INR,USD,0.012202
2023-01-18,GBP,USD,1.189559
2023-01-18,AED,USD,0.272285
2023-01-18,SGD,USD,0.753179
2023-01-18,USD,USD,1.0
2023-01-19,INR,USD,0.01222
2023-01-19,GBP,USD,1.185896
2023-01-19,AED,USD,0.272276
2023-01-19,SGD,USD,0.751417
2023-01-19,USD,USD,1.0
2023-01-20,INR,USD,0.012248
2023-01-20,GBP,USD,1.182499
2023-01-20,AED,USD,0.272275
2023-01-20,SGD,USD,0.753027
2023-01-20,USD,USD,1.0
2023-01-21,INR,USD,0.012225
2023-01-21,GBP,USD,1.180735
2023-01-21,AED,USD,0.272243
2023-01-21,SGD,USD,0.750732
2023-01-21,USD,USD,1.0
2023-01-22,INR,USD,0.012207
2023-01-22,GBP,USD,1.183197
2023-01-22,AED,USD,0.272263
2023-01-22,SGD,USD,0.750704
2023-01-22,USD,USD,1.0
2023-01-23,INR,USD,0.012214
2023-01-23,GBP,USD,1.184183
2023-01-23,AED,USD,0.272282
2023-01-23,SGD,USD,0.75262
2023-01-23,USD,USD,1.0
2023-01-24,INR,USD,0.012221
2023-01-24,GBP,USD,1.178151
2023-01-24,AED,USD,0.272298
2023-01-24,SGD,USD,0.753445
2023-01-24,USD,USD,1.0
2023-01-25,INR,USD,0.012258
2023-01-25,GBP,USD,1.177958
2023-01-25,AED,USD,0.272331
2023-01-25,SGD,USD,0.752691
2023-01-25,USD,USD,1.0
2023-01-26,INR,USD,0.012306
2023-01-26,GBP,USD,1.178627
2023-01-26,AED,USD,0.272322
2023-01-26,SGD,USD,0.750299
2023-01-26,USD,USD,1.0
2023-01-27,INR,USD,0.012301
2023-01-27,GBP,USD,1.187096
2023-01-27,AED,USD,0.272336
2023-01-27,SGD,USD,0.751777
2023-01-27,USD,USD,1.0
2023-01-28,INR,USD,0.012227
2023-01-28,GBP,USD,1.191342
2023-01-28,AED,USD,0.272346
2023-01-28,SGD,USD,0.750618
2023-01-28,USD,USD,1.0
2023-01-29,INR,USD,0.012206
2023-01-29,GBP,USD,1.191313
2023-01-29,AED,USD,0.272375
2023-01-29,SGD,USD,0.748388
2023-01-29,USD,USD,1.0
2023-01-30,INR,USD,0.012192
2023-01-30,GBP,USD,1.199502
2023-01-30,AED,USD,0.272368
2023-01-30,SGD,USD,0.747628
2023-01-30,USD,USD,1.0
2023-01-31,INR,USD,0.012194
2023-01-31,GBP,USD,1.192006
2023-01-31,AED,USD,0.272371
2023-01-31,SGD,USD,0.745081
2023-01-31,USD,USD,1.0
2023-02-01,INR,USD,0.012221
2023-02-01,GBP,USD,1.19201
2023-02-01,AED,USD,0.272411
2023-02-01,SGD,USD,0.745686
2023-02-01,USD,USD,1.0
2023-02-02,INR,USD,0.012262
2023-02-02,GBP,USD,1.184192
2023-02-02,AED,USD,0.272408
2023-02-02,SGD,USD,0.746381
2023-02-02,USD,USD,1.0
2023-02-03,INR,USD,0.012315
2023-02-03,GBP,USD,1.174188
2023-02-03,AED,USD,0.272425
2023-02-03,SGD,USD,0.747645
2023-02-03,USD,USD,1.0
2023-02-04,INR,USD,0.012362
2023-02-04,GBP,USD,1.178396
2023-02-04,AED,USD,0.272426
2023-02-04,SGD,USD,0.746552
2023-02-04,USD,USD,1.0
2023-02-05,INR,USD,0.012322
2023-02-05,GBP,USD,1.179542
2023-02-05,AED,USD,0.272423
2023-02-05,SGD,USD,0.750852
2023-02-05,USD,USD,1.0
2023-02-06,INR,USD,0.012302
2023-02-06,GBP,USD,1.181434
2023-02-06,AED,USD,0.272396
2023-02-06,SGD,USD,0.750022
2023-02-06,USD,USD,1.0
2023-02-07,INR,USD,0.012309
2023-02-07,GBP,USD,1.186334
2023-02-07,AED,USD,0.272421
2023-02-07,SGD,USD,0.74994
2023-02-07,USD,USD,1.0
2023-02-08,INR,USD,0.012274
2023-02-08,GBP,USD,1.18906
2023-02-08,AED,USD,0.27243
2023-02-08,SGD,USD,0.750998
2023-02-08,USD,USD,1.0
2023-02-09,INR,USD,0.012251
2023-02-09,GBP,USD,1.195856
2023-02-09,AED,USD,0.272431
2023-02-09,SGD,USD,0.752501
2023-02-09,USD,USD,1.0
2023-02-10,INR,USD,0.01229
2023-02-10,GBP,USD,1.199518
2023-02-10,AED,USD,0.272436
2023-02-10,SGD,USD,0.75712
2023-02-10,USD,USD,1.0
2023-02-11,INR,USD,0.012296
2023-02-11,GBP,USD,1.197715
2023-02-11,AED,USD,0.272438
2023-02-11,SGD,USD,0.760321
2023-02-11,USD,USD,1.0
2023-02-12,INR,USD,0.012299
2023-02-12,GBP,USD,1.200839
2023-02-12,AED,USD,0.272459
2023-02-12,SGD,USD,0.759228
2023-02-12,USD,USD,1.0
2023-02-13,INR,USD,0.012245
2023-02-13,GBP,USD,1.202637
2023-02-13,AED,USD,0.272463
2023-02-13,SGD,USD,0.757933
2023-02-13,USD,USD,1.0
2023-02-14,INR,USD,0.012271
2023-02-14,GBP,USD,1.206309
2023-02-14,AED,USD,0.272446
2023-02-14,SGD,USD,0.759059
2023-02-14,USD,USD,1.0
2023-02-15,INR,USD,0.012264
2023-02-15,GBP,USD,1.197312
2023-02-15,AED,USD,0.272453
2023-02-15,SGD,USD,0.758974
2023-02-15,USD,USD,1.0
2023-02-16,INR,USD,0.01224
2023-02-16,GBP,USD,1.200456
2023-02-16,AED,USD,0.272462
2023-02-16,SGD,USD,0.757744
2023-02-16,USD,USD,1.0
2023-02-17,INR,USD,0.012251
2023-02-17,GBP,USD,1.206598
2023-02-17,AED,USD,0.27245
2023-02-17,SGD,USD,0.758575
2023-02-17,USD,USD,1.0
2023-02-18,INR,USD,0.012251
2023-02-18,GBP,USD,1.22044
2023-02-18,AED,USD,0.272418
2023-02-18,SGD,USD,0.760083
2023-02-18,USD,USD,1.0
2023-02-19,INR,USD,0.01224
2023-02-19,GBP,USD,1.219808
2023-02-19,AED,USD,0.27245
2023-02-19,SGD,USD,0.760077
2023-02-19,USD,USD,1.0
2023-02-20,INR,USD,0.012309
2023-02-20,GBP,USD,1.217078
2023-02-20,AED,USD,0.272456
2023-02-20,SGD,USD,0.759032
2023-02-20,USD,USD,1.0
2023-02-21,INR,USD,0.012286
2023-02-21,GBP,USD,1.217446
2023-02-21,AED,USD,0.272451
2023-02-21,SGD,USD,0.75948
2023-02-21,USD,USD,1.0
2023-02-22,INR,USD,0.01222
2023-02-22,GBP,USD,1.229778
2023-02-22,AED,USD,0.272449
2023-02-22,SGD,USD,0.763254
2023-02-22,USD,USD,1.0
2023-02-23,INR,USD,0.012188
2023-02-23,GBP,USD,1.231577
2023-02-23,AED,USD,0.272503
2023-02-23,SGD,USD,0.761386
2023-02-23,USD,USD,1.0
2023-02-24,INR,USD,0.012142
2023-02-24,GBP,USD,1.228174
2023-02-24,AED,USD,0.272511
2023-02-24,SGD,USD,0.762896
2023-02-24,USD,USD,1.0
2023-02-25,INR,USD,0.01218
2023-02-25,GBP,USD,1.226569
2023-02-25,AED,USD,0.272483
2023-02-25,SGD,USD,0.761968
2023-02-25,USD,USD,1.0
2023-02-26,INR,USD,0.012218
2023-02-26,GBP,USD,1.229435
2023-02-26,AED,USD,0.27245
2023-02-26,SGD,USD,0.761904
2023-02-26,USD,USD,1.0
2023-02-27,INR,USD,0.01226
2023-02-27,GBP,USD,1.242666
2023-02-27,AED,USD,0.272459
2023-02-27,SGD,USD,0.762585
2023-02-27,USD,USD,1.0
2023-02-28,INR,USD,0.012221
2023-02-28,GBP,USD,1.23738
2023-02-28,AED,USD,0.27246
2023-02-28,SGD,USD,0.763685
2023-02-28,USD,USD,1.0
2023-03-01,INR,USD,0.012238
2023-03-01,GBP,USD,1.234386
2023-03-01,AED,USD,0.272441
2023-03-01,SGD,USD,0.762015
2023-03-01,USD,USD,1.0
2023-03-02,INR,USD,0.012201
2023-03-02,GBP,USD,1.23838
2023-03-02,AED,USD,0.272401
2023-03-02,SGD,USD,0.761308
2023-03-02,USD,USD,1.0
2023-03-03,INR,USD,0.012214
2023-03-03,GBP,USD,1.247899
2023-03-03,AED,USD,0.272402
2023-03-03,SGD,USD,0.763484
2023-03-03,USD,USD,1.0
2023-03-04,INR,USD,0.012201
2023-03-04,GBP,USD,1.24321
2023-03-04,AED,USD,0.27239
2023-03-04,SGD,USD,0.766809
2023-03-04,USD,USD,1.0
2023-03-05,INR,USD,0.01223
2023-03-05,GBP,USD,1.246252
2023-03-05,AED,USD,0.272448
2023-03-05,SGD,USD,0.766751
2023-03-05,USD,USD,1.0
2023-03-06,INR,USD,0.012249
2023-03-06,GBP,USD,1.248169
2023-03-06,AED,USD,0.272444
2023-03-06,SGD,USD,0.771814
2023-03-06,USD,USD,1.0
2023-03-07,INR,USD,0.012294
2023-03-07,GBP,USD,1.239382
2023-03-07,AED,USD,0.272437
2023-03-07,SGD,USD,0.772764
2023-03-07,USD,USD,1.0
2023-03-08,INR,USD,0.012318
2023-03-08,GBP,USD,1.230972
2023-03-08,AED,USD,0.272398
2023-03-08,SGD,USD,0.768611
2023-03-08,USD,USD,1.0
2023-03-09,INR,USD,0.012315
2023-03-09,GBP,USD,1.230317
2023-03-09,AED,USD,0.272404
2023-03-09,SGD,USD,0.766948
2023-03-09,USD,USD,1.0
2023-03-10,INR,USD,0.012276
2023-03-10,GBP,USD,1.217822
2023-03-10,AED,USD,0.27241
2023-03-10,SGD,USD,0.767765
2023-03-10,USD,USD,1.0
2023-03-11,INR,USD,0.012306
2023-03-11,GBP,USD,1.222669
2023-03-11,AED,USD,0.272407
2023-03-11,SGD,USD,0.77072
2023-03-11,USD,USD,1.0
2023-03-12,INR,USD,0.0123
2023-03-12,GBP,USD,1.218589
2023-03-12,AED,USD,0.272398
2023-03-12,SGD,USD,0.769455
2023-03-12,USD,USD,1.0
2023-03-13,INR,USD,0.012233
2023-03-13,GBP,USD,1.219533
2023-03-13,AED,USD,0.272402
2023-03-13,SGD,USD,0.768677
2023-03-13,USD,USD,1.0
2023-03-14,INR,USD,0.01221
2023-03-14,GBP,USD,1.221805
2023-03-14,AED,USD,0.272431
2023-03-14,SGD,USD,0.768773
2023-03-14,USD,USD,1.0
2023-03-15,INR,USD,0.012193
2023-03-15,GBP,USD,1.218153
2023-03-15,AED,USD,0.27243
2023-03-15,SGD,USD,0.766034
2023-03-15,USD,USD,1.0
2023-03-16,INR,USD,0.012188
2023-03-16,GBP,USD,1.218514
2023-03-16,AED,USD,0.272462
2023-03-16,SGD,USD,0.768097
2023-03-16,USD,USD,1.0
2023-03-17,INR,USD,0.012219
2023-03-17,GBP,USD,1.214128
2023-03-17,AED,USD,0.272473
2023-03-17,SGD,USD,0.765633
2023-03-17,USD,USD,1.0
2023-03-18,INR,USD,0.012228
2023-03-18,GBP,USD,1.216677
2023-03-18,AED,USD,0.27246
2023-03-18,SGD,USD,0.769997
2023-03-18,USD,USD,1.0
2023-03-19,INR,USD,0.012245
2023-03-19,GBP,USD,1.205051
2023-03-19,AED,USD,0.27247
2023-03-19,SGD,USD,0.76912
2023-03-19,USD,USD,1.0
2023-03-20,INR,USD,0.012244
2023-03-20,GBP,USD,1.207868
2023-03-20,AED,USD,0.272476
2023-03-20,SGD,USD,0.764699
2023-03-20,USD,USD,1.0
2023-03-21,INR,USD,0.012207
2023-03-21,GBP,USD,1.212565
2023-03-21,AED,USD,0.272499
2023-03-21,SGD,USD,0.768848
2023-03-21,USD,USD,1.0
2023-03-22,INR,USD,0.012262
2023-03-22,GBP,USD,1.200053
2023-03-22,AED,USD,0.272512
2023-03-22,SGD,USD,0.764695
2023-03-22,USD,USD,1.0
2023-03-23,INR,USD,0.012311
2023-03-23,GBP,USD,1.201571
2023-03-23,AED,USD,0.272492
2023-03-23,SGD,USD,0.769076
2023-03-23,USD,USD,1.0
2023-03-24,INR,USD,0.01233
2023-03-24,GBP,USD,1.190159
2023-03-24,AED,USD,0.272497
2023-03-24,SGD,USD,0.767496
2023-03-24,USD,USD,1.0
2023-03-25,INR,USD,0.012332
2023-03-25,GBP,USD,1.187357
2023-03-25,AED,USD,0.272521
2023-03-25,SGD,USD,0.764418
2023-03-25,USD,USD,1.0
2023-03-26,INR,USD,0.012341
2023-03-26,GBP,USD,1.198247
2023-03-26,AED,USD,0.272507
2023-03-26,SGD,USD,0.764887
2023-03-26,USD,USD,1.0
2023-03-27,INR,USD,0.012347
2023-03-27,GBP,USD,1.194074
2023-03-27,AED,USD,0.272518
2023-03-27,SGD,USD,0.765109
2023-03-27,USD,USD,1.0
2023-03-28,INR,USD,0.012317
2023-03-28,GBP,USD,1.204709
2023-03-28,AED,USD,0.272531
2023-03-28,SGD,USD,0.764759
2023-03-28,USD,USD,1.0
2023-03-29,INR,USD,0.012296
2023-03-29,GBP,USD,1.199941
2023-03-29,AED,USD,0.272553
2023-03-29,SGD,USD,0.764453
2023-03-29,USD,USD,1.0
2023-03-30,INR,USD,0.012309
2023-03-30,GBP,USD,1.198811
2023-03-30,AED,USD,0.272563
2023-03-30,SGD,USD,0.764214
2023-03-30,USD,USD,1.0
2023-03-31,INR,USD,0.012332
2023-03-31,GBP,USD,1.19769
2023-03-31,AED,USD,0.272577
2023-03-31,SGD,USD,0.765684
2023-03-31,USD,USD,1.0
2023-04-01,INR,USD,0.012327
2023-04-01,GBP,USD,1.192496
2023-04-01,AED,USD,0.272561
2023-04-01,SGD,USD,0.76409
2023-04-01,USD,USD,1.0
2023-04-02,INR,USD,0.012296
2023-04-02,GBP,USD,1.197696
2023-04-02,AED,USD,0.27256
2023-04-02,SGD,USD,0.767511
2023-04-02,USD,USD,1.0
2023-04-03,INR,USD,0.012366
2023-04-03,GBP,USD,1.197827
2023-04-03,AED,USD,0.272534
2023-04-03,SGD,USD,0.766694
2023-04-03,USD,USD,1.0
2023-04-04,INR,USD,0.012363
2023-04-04,GBP,USD,1.18886
2023-04-04,AED,USD,0.27253
2023-04-04,SGD,USD,0.76733
2023-04-04,USD,USD,1.0
2023-04-05,INR,USD,0.012347
2023-04-05,GBP,USD,1.18425
2023-04-05,AED,USD,0.272517
2023-04-05,SGD,USD,0.771238
2023-04-05,USD,USD,1.0
2023-04-06,INR,USD,0.012341
2023-04-06,GBP,USD,1.179292
2023-04-06,AED,USD,0.27251
2023-04-06,SGD,USD,0.77334
2023-04-06,USD,USD,1.0
2023-04-07,INR,USD,0.012319
2023-04-07,GBP,USD,1.182145
2023-04-07,AED,USD,0.272523
2023-04-07,SGD,USD,0.774996
2023-04-07,USD,USD,1.0
2023-04-08,INR,USD,0.012362
2023-04-08,GBP,USD,1.178855
2023-04-08,AED,USD,0.272542
2023-04-08,SGD,USD,0.773268
2023-04-08,USD,USD,1.0
2023-04-09,INR,USD,0.012349
2023-04-09,GBP,USD,1.185967
2023-04-09,AED,USD,0.272556
2023-04-09,SGD,USD,0.773285
2023-04-09,USD,USD,1.0
2023-04-10,INR,USD,0.012311
2023-04-10,GBP,USD,1.189313
2023-04-10,AED,USD,0.272545
2023-04-10,SGD,USD,0.771275
2023-04-10,USD,USD,1.0
2023-04-11,INR,USD,0.01229
2023-04-11,GBP,USD,1.190777
2023-04-11,AED,USD,0.272509
2023-04-11,SGD,USD,0.772076
2023-04-11,USD,USD,1.0
2023-04-12,INR,USD,0.012294
2023-04-12,GBP,USD,1.187259
2023-04-12,AED,USD,0.272527
2023-04-12,SGD,USD,0.773428
2023-04-12,USD,USD,1.0
2023-04-13,INR,USD,0.012274
2023-04-13,GBP,USD,1.183242
2023-04-13,AED,USD,0.272539
2023-04-13,SGD,USD,0.770123
2023-04-13,USD,USD,1.0
2023-04-14,INR,USD,0.012263
2023-04-14,GBP,USD,1.17947
2023-04-14,AED,USD,0.27254
2023-04-14,SGD,USD,0.770596
2023-04-14,USD,USD,1.0
2023-04-15,INR,USD,0.012263
2023-04-15,GBP,USD,1.18622
2023-04-15,AED,USD,0.272544
2023-04-15,SGD,USD,0.769921
2023-04-15,USD,USD,1.0
2023-04-16,INR,USD,0.012225
2023-04-16,GBP,USD,1.190528
2023-04-16,AED,USD,0.272553
2023-04-16,SGD,USD,0.773106
2023-04-16,USD,USD,1.0
2023-04-17,INR,USD,0.012201
2023-04-17,GBP,USD,1.190671
2023-04-17,AED,USD,0.272552
2023-04-17,SGD,USD,0.772926
2023-04-17,USD,USD,1.0
2023-04-18,INR,USD,0.012201
2023-04-18,GBP,USD,1.180412
2023-04-18,AED,USD,0.272566
2023-04-18,SGD,USD,0.774371
2023-04-18,USD,USD,1.0
2023-04-19,INR,USD,0.012235
2023-04-19,GBP,USD,1.193856
2023-04-19,AED,USD,0.272561
2023-04-19,SGD,USD,0.774304
2023-04-19,USD,USD,1.0
2023-04-20,INR,USD,0.012234
2023-04-20,GBP,USD,1.205583
2023-04-20,AED,USD,0.272531
2023-04-20,SGD,USD,0.775383
2023-04-20,USD,USD,1.0
2023-04-21,INR,USD,0.012188
2023-04-21,GBP,USD,1.189985
2023-04-21,AED,USD,0.272496
2023-04-21,SGD,USD,0.772364
2023-04-21,USD,USD,1.0
2023-04-22,INR,USD,0.01222
2023-04-22,GBP,USD,1.184773
2023-04-22,AED,USD,0.272492
2023-04-22,SGD,USD,0.769833
2023-04-22,USD,USD,1.0
2023-04-23,INR,USD,0.012238
2023-04-23,GBP,USD,1.178197
2023-04-23,AED,USD,0.272515
2023-04-23,SGD,USD,0.767681
2023-04-23,USD,USD,1.0
2023-04-24,INR,USD,0.012213
2023-04-24,GBP,USD,1.178911
2023-04-24,AED,USD,0.272515
2023-04-24,SGD,USD,0.7708
2023-04-24,USD,USD,1.0
2023-04-25,INR,USD,0.012216
2023-04-25,GBP,USD,1.171742
2023-04-25,AED,USD,0.272506
2023-04-25,SGD,USD,0.769561
2023-04-25,USD,USD,1.0
2023-04-26,INR,USD,0.012237
2023-04-26,GBP,USD,1.173996
2023-04-26,AED,USD,0.272504
2023-04-26,SGD,USD,0.771473
2023-04-26,USD,USD,1.0
2023-04-27,INR,USD,0.01222
2023-04-27,GBP,USD,1.173175
2023-04-27,AED,USD,0.272507
2023-04-27,SGD,USD,0.774835
2023-04-27,USD,USD,1.0
2023-04-28,INR,USD,0.012216
2023-04-28,GBP,USD,1.171088
2023-04-28,AED,USD,0.272489
2023-04-28,SGD,USD,0.776355
2023-04-28,USD,USD,1.0
2023-04-29,INR,USD,0.012197
2023-04-29,GBP,USD,1.173103
2023-04-29,AED,USD,0.272456
2023-04-29,SGD,USD,0.778667
2023-04-29,USD,USD,1.0
2023-04-30,INR,USD,0.012156
2023-04-30,GBP,USD,1.168502
2023-04-30,AED,USD,0.272474
2023-04-30,SGD,USD,0.775739
2023-04-30,USD,USD,1.0
2023-05-01,INR,USD,0.012152
2023-05-01,GBP,USD,1.168924
2023-05-01,AED,USD,0.272457
2023-05-01,SGD,USD,0.77871
2023-05-01,USD,USD,1.0
2023-05-02,INR,USD,0.012197
2023-05-02,GBP,USD,1.157353
2023-05-02,AED,USD,0.272432
2023-05-02,SGD,USD,0.780509
2023-05-02,USD,USD,1.0
2023-05-03,INR,USD,0.012156
2023-05-03,GBP,USD,1.155074
2023-05-03,AED,USD,0.272435
2023-05-03,SGD,USD,0.782053
2023-05-03,USD,USD,1.0
2023-05-04,INR,USD,0.012149
2023-05-04,GBP,USD,1.155613
2023-05-04,AED,USD,0.272421
2023-05-04,SGD,USD,0.784936
2023-05-04,USD,USD,1.0
2023-05-05,INR,USD,0.012133
2023-05-05,GBP,USD,1.157579
2023-05-05,AED,USD,0.272412
2023-05-05,SGD,USD,0.785185
2023-05-05,USD,USD,1.0
2023-05-06,INR,USD,0.012127
2023-05-06,GBP,USD,1.156617
2023-05-06,AED,USD,0.272395
2023-05-06,SGD,USD,0.786972
2023-05-06,USD,USD,1.0
2023-05-07,INR,USD,0.012169
2023-05-07,GBP,USD,1.15802
2023-05-07,AED,USD,0.272408
2023-05-07,SGD,USD,0.788856
2023-05-07,USD,USD,1.0
2023-05-08,INR,USD,0.012197
2023-05-08,GBP,USD,1.159777
2023-05-08,AED,USD,0.272411
2023-05-08,SGD,USD,0.790803
2023-05-08,USD,USD,1.0
2023-05-09,INR,USD,0.012198
2023-05-09,GBP,USD,1.154084
2023-05-09,AED,USD,0.272412
2023-05-09,SGD,USD,0.786594
2023-05-09,USD,USD,1.0
2023-05-10,INR,USD,0.012197
2023-05-10,GBP,USD,1.156476
2023-05-10,AED,USD,0.272433
2023-05-10,SGD,USD,0.786944
2023-05-10,USD,USD,1.0
2023-05-11,INR,USD,0.012224
2023-05-11,GBP,USD,1.156458
2023-05-11,AED,USD,0.272415
2023-05-11,SGD,USD,0.783814
2023-05-11,USD,USD,1.0
2023-05-12,INR,USD,0.012194
2023-05-12,GBP,USD,1.148509
2023-05-12,AED,USD,0.272426
2023-05-12,SGD,USD,0.783365
2023-05-12,USD,USD,1.0
2023-05-13,INR,USD,0.01221
2023-05-13,GBP,USD,1.14892
2023-05-13,AED,USD,0.272444
2023-05-13,SGD,USD,0.785735
2023-05-13,USD,USD,1.0
2023-05-14,INR,USD,0.012189
2023-05-14,GBP,USD,1.147318
2023-05-14,AED,USD,0.272435
2023-05-14,SGD,USD,0.782145
2023-05-14,USD,USD,1.0
2023-05-15,INR,USD,0.012209
2023-05-15,GBP,USD,1.154198
2023-05-15,AED,USD,0.272435
2023-05-15,SGD,USD,0.781064
2023-05-15,USD,USD,1.0
2023-05-16,INR,USD,0.012242
2023-05-16,GBP,USD,1.140624
2023-05-16,AED,USD,0.272438
2023-05-16,SGD,USD,0.781394
2023-05-16,USD,USD,1.0
2023-05-17,INR,USD,0.012223
2023-05-17,GBP,USD,1.148636
2023-05-17,AED,USD,0.272455
2023-05-17,SGD,USD,0.780828
2023-05-17,USD,USD,1.0
2023-05-18,INR,USD,0.01222
2023-05-18,GBP,USD,1.146378
2023-05-18,AED,USD,0.272446
2023-05-18,SGD,USD,0.77795
2023-05-18,USD,USD,1.0
2023-05-19,INR,USD,0.012261
2023-05-19,GBP,USD,1.152317
2023-05-19,AED,USD,0.272459
2023-05-19,SGD,USD,0.775553
2023-05-19,USD,USD,1.0
2023-05-20,INR,USD,0.012325
2023-05-20,GBP,USD,1.163859
2023-05-20,AED,USD,0.272463
2023-05-20,SGD,USD,0.77358
2023-05-20,USD,USD,1.0
2023-05-21,INR,USD,0.012297
2023-05-21,GBP,USD,1.166302
2023-05-21,AED,USD,0.272447
2023-05-21,SGD,USD,0.773517
2023-05-21,USD,USD,1.0
2023-05-22,INR,USD,0.01233
2023-05-22,GBP,USD,1.157464
2023-05-22,AED,USD,0.272481
2023-05-22,SGD,USD,0.776972
2023-05-22,USD,USD,1.0
2023-05-23,INR,USD,0.012291
2023-05-23,GBP,USD,1.149233
2023-05-23,AED,USD,0.272477
2023-05-23,SGD,USD,0.774717
2023-05-23,USD,USD,1.0
2023-05-24,INR,USD,0.012282
2023-05-24,GBP,USD,1.134366
2023-05-24,AED,USD,0.272473
2023-05-24,SGD,USD,0.778699
2023-05-24,USD,USD,1.0
2023-05-25,INR,USD,0.012246
2023-05-25,GBP,USD,1.132792
2023-05-25,AED,USD,0.272447
2023-05-25,SGD,USD,0.780121
2023-05-25,USD,USD,1.0
2023-05-26,INR,USD,0.012238
2023-05-26,GBP,USD,1.143911
2023-05-26,AED,USD,0.272451
2023-05-26,SGD,USD,0.779311
2023-05-26,USD,USD,1.0
2023-05-27,INR,USD,0.012255
2023-05-27,GBP,USD,1.140982
2023-05-27,AED,USD,0.272428
2023-05-27,SGD,USD,0.77999
2023-05-27,USD,USD,1.0
2023-05-28,INR,USD,0.012248
2023-05-28,GBP,USD,1.141924
2023-05-28,AED,USD,0.272434
2023-05-28,SGD,USD,0.778875
2023-05-28,USD,USD,1.0
2023-05-29,INR,USD,0.01226
2023-05-29,GBP,USD,1.151953
2023-05-29,AED,USD,0.272415
2023-05-29,SGD,USD,0.782733
2023-05-29,USD,USD,1.0
2023-05-30,INR,USD,0.012252
2023-05-30,GBP,USD,1.147497
2023-05-30,AED,USD,0.272457
2023-05-30,SGD,USD,0.78309
2023-05-30,USD,USD,1.0
2023-05-31,INR,USD,0.012293
2023-05-31,GBP,USD,1.15222
2023-05-31,AED,USD,0.272428
2023-05-31,SGD,USD,0.78337
2023-05-31,USD,USD,1.0
2023-06-01,INR,USD,0.012276
2023-06-01,GBP,USD,1.144441
2023-06-01,AED,USD,0.272397
2023-06-01,SGD,USD,0.78361
2023-06-01,USD,USD,1.0
2023-06-02,INR,USD,0.012294
2023-06-02,GBP,USD,1.146681
2023-06-02,AED,USD,0.272392
2023-06-02,SGD,USD,0.78185
2023-06-02,USD,USD,1.0
2023-06-03,INR,USD,0.012262
2023-06-03,GBP,USD,1.143463
2023-06-03,AED,USD,0.272374
2023-06-03,SGD,USD,0.781412
2023-06-03,USD,USD,1.0
2023-06-04,INR,USD,0.01226
2023-06-04,GBP,USD,1.138297
2023-06-04,AED,USD,0.272371
2023-06-04,SGD,USD,0.779742
2023-06-04,USD,USD,1.0
2023-06-05,INR,USD,0.012259
2023-06-05,GBP,USD,1.141195
2023-06-05,AED,USD,0.272374
2023-06-05,SGD,USD,0.780799
2023-06-05,USD,USD,1.0
2023-06-06,INR,USD,0.012208
2023-06-06,GBP,USD,1.139005
2023-06-06,AED,USD,0.272378
2023-06-06,SGD,USD,0.782232
2023-06-06,USD,USD,1.0
2023-06-07,INR,USD,0.012158
2023-06-07,GBP,USD,1.139905
2023-06-07,AED,USD,0.272399
2023-06-07,SGD,USD,0.781848
2023-06-07,USD,USD,1.0
2023-06-08,INR,USD,0.012154
2023-06-08,GBP,USD,1.142481
2023-06-08,AED,USD,0.272403
2023-06-08,SGD,USD,0.783357
2023-06-08,USD,USD,1.0
2023-06-09,INR,USD,0.012155
2023-06-09,GBP,USD,1.143345
2023-06-09,AED,USD,0.27239
2023-06-09,SGD,USD,0.782991
2023-06-09,USD,USD,1.0
2023-06-10,INR,USD,0.012193
2023-06-10,GBP,USD,1.142154
2023-06-10,AED,USD,0.272387
2023-06-10,SGD,USD,0.781913
2023-06-10,USD,USD,1.0
2023-06-11,INR,USD,0.012216
2023-06-11,GBP,USD,1.137231
2023-06-11,AED,USD,0.272403
2023-06-11,SGD,USD,0.779852
2023-06-11,USD,USD,1.0
2023-06-12,INR,USD,0.012183
2023-06-12,GBP,USD,1.138397
2023-06-12,AED,USD,0.272405
2023-06-12,SGD,USD,0.780522
2023-06-12,USD,USD,1.0
2023-06-13,INR,USD,0.012214
2023-06-13,GBP,USD,1.136019
2023-06-13,AED,USD,0.272412
2023-06-13,SGD,USD,0.778524
2023-06-13,USD,USD,1.0
2023-06-14,INR,USD,0.012252
2023-06-14,GBP,USD,1.139631
2023-06-14,AED,USD,0.272422
2023-06-14,SGD,USD,0.778951
2023-06-14,USD,USD,1.0
2023-06-15,INR,USD,0.012227
2023-06-15,GBP,USD,1.137738
2023-06-15,AED,USD,0.27243
2023-06-15,SGD,USD,0.778921
2023-06-15,USD,USD,1.0
2023-06-16,INR,USD,0.01223
2023-06-16,GBP,USD,1.129954
2023-06-16,AED,USD,0.272433
2023-06-16,SGD,USD,0.777407
2023-06-16,USD,USD,1.0
2023-06-17,INR,USD,0.012196
2023-06-17,GBP,USD,1.129059
2023-06-17,AED,USD,0.272401
2023-06-17,SGD,USD,0.77896
2023-06-17,USD,USD,1.0
2023-06-18,INR,USD,0.012221
2023-06-18,GBP,USD,1.12874
2023-06-18,AED,USD,0.272384
2023-06-18,SGD,USD,0.776888
2023-06-18,USD,USD,1.0
2023-06-19,INR,USD,0.012215
2023-06-19,GBP,USD,1.115023
2023-06-19,AED,USD,0.272387
2023-06-19,SGD,USD,0.778365
2023-06-19,USD,USD,1.0
2023-06-20,INR,USD,0.012205
2023-06-20,GBP,USD,1.112234
2023-06-20,AED,USD,0.272391
2023-06-20,SGD,USD,0.779151
2023-06-20,USD,USD,1.0
2023-06-21,INR,USD,0.012238
2023-06-21,GBP,USD,1.112323
2023-06-21,AED,USD,0.272379
2023-06-21,SGD,USD,0.778145
2023-06-21,USD,USD,1.0
2023-06-22,INR,USD,0.012242
2023-06-22,GBP,USD,1.121067
2023-06-22,AED,USD,0.272373
2023-06-22,SGD,USD,0.77584
2023-06-22,USD,USD,1.0
2023-06-23,INR,USD,0.012215
2023-06-23,GBP,USD,1.109272
2023-06-23,AED,USD,0.272379
2023-06-23,SGD,USD,0.772864
2023-06-23,USD,USD,1.0
2023-06-24,INR,USD,0.012176
2023-06-24,GBP,USD,1.098266
2023-06-24,AED,USD,0.27236
2023-06-24,SGD,USD,0.774122
2023-06-24,USD,USD,1.0
2023-06-25,INR,USD,0.012135
2023-06-25,GBP,USD,1.088611
2023-06-25,AED,USD,0.272363
2023-06-25,SGD,USD,0.773386
2023-06-25,USD,USD,1.0
2023-06-26,INR,USD,0.012147
2023-06-26,GBP,USD,1.092667
2023-06-26,AED,USD,0.272363
2023-06-26,SGD,USD,0.770558
2023-06-26,USD,USD,1.0
2023-06-27,INR,USD,0.012142
2023-06-27,GBP,USD,1.095412
2023-06-27,AED,USD,0.272353
2023-06-27,SGD,USD,0.767437
2023-06-27,USD,USD,1.0
2023-06-28,INR,USD,0.012175
2023-06-28,GBP,USD,1.093108
2023-06-28,AED,USD,0.272346
2023-06-28,SGD,USD,0.767484
2023-06-28,USD,USD,1.0
2023-06-29,INR,USD,0.012206
2023-06-29,GBP,USD,1.094547
2023-06-29,AED,USD,0.27234
2023-06-29,SGD,USD,0.768982
2023-06-29,USD,USD,1.0
2023-06-30,INR,USD,0.012271
2023-06-30,GBP,USD,1.102215
2023-06-30,AED,USD,0.272351
2023-06-30,SGD,USD,0.766551
2023-06-30,USD,USD,1.0
2023-07-01,INR,USD,0.012387
2023-07-01,GBP,USD,1.095563
2023-07-01,AED,USD,0.272345
2023-07-01,SGD,USD,0.765044
2023-07-01,USD,USD,1.0
2023-07-02,INR,USD,0.012437
2023-07-02,GBP,USD,1.097872
2023-07-02,AED,USD,0.272321
2023-07-02,SGD,USD,0.765637
2023-07-02,USD,USD,1.0
2023-07-03,INR,USD,0.012453
2023-07-03,GBP,USD,1.096097
2023-07-03,AED,USD,0.2723
2023-07-03,SGD,USD,0.764077
2023-07-03,USD,USD,1.0
2023-07-04,INR,USD,0.012438
2023-07-04,GBP,USD,1.096209
2023-07-04,AED,USD,0.272291
2023-07-04,SGD,USD,0.765683
2023-07-04,USD,USD,1.0
2023-07-05,INR,USD,0.012408
2023-07-05,GBP,USD,1.086672
2023-07-05,AED,USD,0.272278
2023-07-05,SGD,USD,0.768628
2023-07-05,USD,USD,1.0
2023-07-06,INR,USD,0.012389
2023-07-06,GBP,USD,1.099553
2023-07-06,AED,USD,0.272287
2023-07-06,SGD,USD,0.766108
2023-07-06,USD,USD,1.0
2023-07-07,INR,USD,0.012362
2023-07-07,GBP,USD,1.100888
2023-07-07,AED,USD,0.272266
2023-07-07,SGD,USD,0.771294
2023-07-07,USD,USD,1.0
2023-07-08,INR,USD,0.01233
2023-07-08,GBP,USD,1.104659
2023-07-08,AED,USD,0.272291
2023-07-08,SGD,USD,0.771068
2023-07-08,USD,USD,1.0
2023-07-09,INR,USD,0.012298
2023-07-09,GBP,USD,1.103125
2023-07-09,AED,USD,0.272298
2023-07-09,SGD,USD,0.772996
2023-07-09,USD,USD,1.0
2023-07-10,INR,USD,0.012299
2023-07-10,GBP,USD,1.095355
2023-07-10,AED,USD,0.272298
2023-07-10,SGD,USD,0.771535
2023-07-10,USD,USD,1.0
2023-07-11,INR,USD,0.012231
2023-07-11,GBP,USD,1.091497
2023-07-11,AED,USD,0.272274
2023-07-11,SGD,USD,0.772831
2023-07-11,USD,USD,1.0
2023-07-12,INR,USD,0.01229
2023-07-12,GBP,USD,1.101755
2023-07-12,AED,USD,0.272264
2023-07-12,SGD,USD,0.77182
2023-07-12,USD,USD,1.0
2023-07-13,INR,USD,0.012311
2023-07-13,GBP,USD,1.10765
2023-07-13,AED,USD,0.272257
2023-07-13,SGD,USD,0.77152
2023-07-13,USD,USD,1.0
2023-07-14,INR,USD,0.012378
2023-07-14,GBP,USD,1.107036
2023-07-14,AED,USD,0.272248
2023-07-14,SGD,USD,0.771795
2023-07-14,USD,USD,1.0
2023-07-15,INR,USD,0.012395
2023-07-15,GBP,USD,1.101337
2023-07-15,AED,USD,0.272244
2023-07-15,SGD,USD,0.76926
2023-07-15,USD,USD,1.0
2023-07-16,INR,USD,0.012386
2023-07-16,GBP,USD,1.11179
2023-07-16,AED,USD,0.272257
2023-07-16,SGD,USD,0.76907
2023-07-16,USD,USD,1.0
2023-07-17,INR,USD,0.012356
2023-07-17,GBP,USD,1.110032
2023-07-17,AED,USD,0.272275
2023-07-17,SGD,USD,0.767859
2023-07-17,USD,USD,1.0
2023-07-18,INR,USD,0.0124
2023-07-18,GBP,USD,1.102361
2023-07-18,AED,USD,0.27227
2023-07-18,SGD,USD,0.771674
2023-07-18,USD,USD,1.0
2023-07-19,INR,USD,0.012337
2023-07-19,GBP,USD,1.108968
2023-07-19,AED,USD,0.272238
2023-07-19,SGD,USD,0.771489
2023-07-19,USD,USD,1.0
2023-07-20,INR,USD,0.01233
2023-07-20,GBP,USD,1.113571
2023-07-20,AED,USD,0.272184
2023-07-20,SGD,USD,0.767318
2023-07-20,USD,USD,1.0
2023-07-21,INR,USD,0.012312
2023-07-21,GBP,USD,1.113763
2023-07-21,AED,USD,0.272169
2023-07-21,SGD,USD,0.76685
2023-07-21,USD,USD,1.0
2023-07-22,INR,USD,0.012274
2023-07-22,GBP,USD,1.111499
2023-07-22,AED,USD,0.272154
2023-07-22,SGD,USD,0.767393
2023-07-22,USD,USD,1.0
2023-07-23,INR,USD,0.012291
2023-07-23,GBP,USD,1.119541
2023-07-23,AED,USD,0.272143
2023-07-23,SGD,USD,0.766713
2023-07-23,USD,USD,1.0
2023-07-24,INR,USD,0.012292
2023-07-24,GBP,USD,1.117864
2023-07-24,AED,USD,0.272142
2023-07-24,SGD,USD,0.763338
2023-07-24,USD,USD,1.0
2023-07-25,INR,USD,0.012302
2023-07-25,GBP,USD,1.112706
2023-07-25,AED,USD,0.272126
2023-07-25,SGD,USD,0.759921
2023-07-25,USD,USD,1.0
2023-07-26,INR,USD,0.012338
2023-07-26,GBP,USD,1.111903
2023-07-26,AED,USD,0.272145
2023-07-26,SGD,USD,0.76052
2023-07-26,USD,USD,1.0
2023-07-27,INR,USD,0.012284
2023-07-27,GBP,USD,1.105834
2023-07-27,AED,USD,0.272158
2023-07-27,SGD,USD,0.758883
2023-07-27,USD,USD,1.0
2023-07-28,INR,USD,0.012249
2023-07-28,GBP,USD,1.10482
2023-07-28,AED,USD,0.272155
2023-07-28,SGD,USD,0.756721
2023-07-28,USD,USD,1.0
2023-07-29,INR,USD,0.012238
2023-07-29,GBP,USD,1.102145
2023-07-29,AED,USD,0.272111
2023-07-29,SGD,USD,0.757812
2023-07-29,USD,USD,1.0
2023-07-30,INR,USD,0.012212
2023-07-30,GBP,USD,1.1094
2023-07-30,AED,USD,0.272091
2023-07-30,SGD,USD,0.754439
2023-07-30,USD,USD,1.0
2023-07-31,INR,USD,0.012248
2023-07-31,GBP,USD,1.10056
2023-07-31,AED,USD,0.27208
2023-07-31,SGD,USD,0.755729
2023-07-31,USD,USD,1.0
2023-08-01,INR,USD,0.012237
2023-08-01,GBP,USD,1.091402
2023-08-01,AED,USD,0.272084
2023-08-01,SGD,USD,0.755325
2023-08-01,USD,USD,1.0
2023-08-02,INR,USD,0.012276
2023-08-02,GBP,USD,1.094631
2023-08-02,AED,USD,0.272136
2023-08-02,SGD,USD,0.751821
2023-08-02,USD,USD,1.0
2023-08-03,INR,USD,0.012274
2023-08-03,GBP,USD,1.088749
2023-08-03,AED,USD,0.272155
2023-08-03,SGD,USD,0.753586
2023-08-03,USD,USD,1.0
2023-08-04,INR,USD,0.012296
2023-08-04,GBP,USD,1.084478
2023-08-04,AED,USD,0.272143
2023-08-04,SGD,USD,0.749275
2023-08-04,USD,USD,1.0
2023-08-05,INR,USD,0.012349
2023-08-05,GBP,USD,1.087246
2023-08-05,AED,USD,0.272138
2023-08-05,SGD,USD,0.751272
2023-08-05,USD,USD,1.0
2023-08-06,INR,USD,0.012371
2023-08-06,GBP,USD,1.092589
2023-08-06,AED,USD,0.27211
2023-08-06,SGD,USD,0.749765
2023-08-06,USD,USD,1.0
2023-08-07,INR,USD,0.012376
2023-08-07,GBP,USD,1.094533
2023-08-07,AED,USD,0.272127
2023-08-07,SGD,USD,0.747636
2023-08-07,USD,USD,1.0
2023-08-08,INR,USD,0.012379
2023-08-08,GBP,USD,1.106752
2023-08-08,AED,USD,0.272139
2023-08-08,SGD,USD,0.749496
2023-08-08,USD,USD,1.0
2023-08-09,INR,USD,0.012378
2023-08-09,GBP,USD,1.111027
2023-08-09,AED,USD,0.272169
2023-08-09,SGD,USD,0.749734
2023-08-09,USD,USD,1.0
2023-08-10,INR,USD,0.012415
2023-08-10,GBP,USD,1.106124
2023-08-10,AED,USD,0.27218
2023-08-10,SGD,USD,0.75167
2023-08-10,USD,USD,1.0
2023-08-11,INR,USD,0.012391
2023-08-11,GBP,USD,1.112248
2023-08-11,AED,USD,0.272168
2023-08-11,SGD,USD,0.749968
2023-08-11,USD,USD,1.0
2023-08-12,INR,USD,0.01239
2023-08-12,GBP,USD,1.123116
2023-08-12,AED,USD,0.272173
2023-08-12,SGD,USD,0.751972
2023-08-12,USD,USD,1.0
2023-08-13,INR,USD,0.012366
2023-08-13,GBP,USD,1.123541
2023-08-13,AED,USD,0.272153
2023-08-13,SGD,USD,0.750768
2023-08-13,USD,USD,1.0
2023-08-14,INR,USD,0.012391
2023-08-14,GBP,USD,1.123309
2023-08-14,AED,USD,0.272178
2023-08-14,SGD,USD,0.750349
2023-08-14,USD,USD,1.0
2023-08-15,INR,USD,0.012384
2023-08-15,GBP,USD,1.130545
2023-08-15,AED,USD,0.272167
2023-08-15,SGD,USD,0.747135
2023-08-15,USD,USD,1.0
2023-08-16,INR,USD,0.012424
2023-08-16,GBP,USD,1.132893
2023-08-16,AED,USD,0.27213
2023-08-16,SGD,USD,0.747241
2023-08-16,USD,USD,1.0
2023-08-17,INR,USD,0.01241
2023-08-17,GBP,USD,1.142884
2023-08-17,AED,USD,0.272117
2023-08-17,SGD,USD,0.746024
2023-08-17,USD,USD,1.0
2023-08-18,INR,USD,0.012381
2023-08-18,GBP,USD,1.136815
2023-08-18,AED,USD,0.272105
2023-08-18,SGD,USD,0.743005
2023-08-18,USD,USD,1.0
2023-08-19,INR,USD,0.012348
2023-08-19,GBP,USD,1.127634
2023-08-19,AED,USD,0.27208
2023-08-19,SGD,USD,0.739739
2023-08-19,USD,USD,1.0
2023-08-20,INR,USD,0.012331
2023-08-20,GBP,USD,1.123741
2023-08-20,AED,USD,0.272059
2023-08-20,SGD,USD,0.740754
2023-08-20,USD,USD,1.0
2023-08-21,INR,USD,0.012328
2023-08-21,GBP,USD,1.121283
2023-08-21,AED,USD,0.272051
2023-08-21,SGD,USD,0.744118
2023-08-21,USD,USD,1.0
2023-08-22,INR,USD,0.012335
2023-08-22,GBP,USD,1.123958
2023-08-22,AED,USD,0.272006
2023-08-22,SGD,USD,0.742752
2023-08-22,USD,USD,1.0
2023-08-23,INR,USD,0.012267
2023-08-23,GBP,USD,1.121532
2023-08-23,AED,USD,0.272013
2023-08-23,SGD,USD,0.741346
2023-08-23,USD,USD,1.0
2023-08-24,INR,USD,0.012282
2023-08-24,GBP,USD,1.115753
2023-08-24,AED,USD,0.272023
2023-08-24,SGD,USD,0.7381
2023-08-24,USD,USD,1.0
2023-08-25,INR,USD,0.012273
2023-08-25,GBP,USD,1.118101
2023-08-25,AED,USD,0.272032
2023-08-25,SGD,USD,0.737845
2023-08-25,USD,USD,1.0
2023-08-26,INR,USD,0.012332
2023-08-26,GBP,USD,1.115754
2023-08-26,AED,USD,0.272024
2023-08-26,SGD,USD,0.732108
2023-08-26,USD,USD,1.0
2023-08-27,INR,USD,0.012386
2023-08-27,GBP,USD,1.113667
2023-08-27,AED,USD,0.272004
2023-08-27,SGD,USD,0.734866
2023-08-27,USD,USD,1.0
2023-08-28,INR,USD,0.012424
2023-08-28,GBP,USD,1.114261
2023-08-28,AED,USD,0.271979
2023-08-28,SGD,USD,0.735751
2023-08-28,USD,USD,1.0
2023-08-29,INR,USD,0.012403
2023-08-29,GBP,USD,1.107692
2023-08-29,AED,USD,0.271997
2023-08-29,SGD,USD,0.731328
2023-08-29,USD,USD,1.0
2023-08-30,INR,USD,0.01242
2023-08-30,GBP,USD,1.110245
2023-08-30,AED,USD,0.272032
2023-08-30,SGD,USD,0.732014
2023-08-30,USD,USD,1.0
2023-08-31,INR,USD,0.012355
2023-08-31,GBP,USD,1.105563
2023-08-31,AED,USD,0.272033
2023-08-31,SGD,USD,0.732763
2023-08-31,USD,USD,1.0
2023-09-01,INR,USD,0.012385
2023-09-01,GBP,USD,1.094685
2023-09-01,AED,USD,0.272028
2023-09-01,SGD,USD,0.734792
2023-09-01,USD,USD,1.0
2023-09-02,INR,USD,0.012432
2023-09-02,GBP,USD,1.104986
2023-09-02,AED,USD,0.272021
2023-09-02,SGD,USD,0.737094
2023-09-02,USD,USD,1.0
2023-09-03,INR,USD,0.012485
2023-09-03,GBP,USD,1.111663
2023-09-03,AED,USD,0.272033
2023-09-03,SGD,USD,0.738837
2023-09-03,USD,USD,1.0
2023-09-04,INR,USD,0.012459
2023-09-04,GBP,USD,1.103571
2023-09-04,AED,USD,0.27205
2023-09-04,SGD,USD,0.738122
2023-09-04,USD,USD,1.0
2023-09-05,INR,USD,0.012457
2023-09-05,GBP,USD,1.100343
2023-09-05,AED,USD,0.272044
2023-09-05,SGD,USD,0.738621
2023-09-05,USD,USD,1.0
2023-09-06,INR,USD,0.012424
2023-09-06,GBP,USD,1.100709
2023-09-06,AED,USD,0.272048
2023-09-06,SGD,USD,0.738471
2023-09-06,USD,USD,1.0
2023-09-07,INR,USD,0.0124
2023-09-07,GBP,USD,1.105067
2023-09-07,AED,USD,0.27208
2023-09-07,SGD,USD,0.737225
2023-09-07,USD,USD,1.0
2023-09-08,INR,USD,0.012438
2023-09-08,GBP,USD,1.110016
2023-09-08,AED,USD,0.272034
2023-09-08,SGD,USD,0.735648
2023-09-08,USD,USD,1.0
2023-09-09,INR,USD,0.012417
2023-09-09,GBP,USD,1.114384
2023-09-09,AED,USD,0.272038
2023-09-09,SGD,USD,0.736649
2023-09-09,USD,USD,1.0
2023-09-10,INR,USD,0.012436
2023-09-10,GBP,USD,1.109333
2023-09-10,AED,USD,0.272025
2023-09-10,SGD,USD,0.734112
2023-09-10,USD,USD,1.0
2023-09-11,INR,USD,0.01243
2023-09-11,GBP,USD,1.108653
2023-09-11,AED,USD,0.272028
2023-09-11,SGD,USD,0.732611
2023-09-11,USD,USD,1.0
2023-09-12,INR,USD,0.012457
2023-09-12,GBP,USD,1.113775
2023-09-12,AED,USD,0.272054
2023-09-12,SGD,USD,0.734102
2023-09-12,USD,USD,1.0
2023-09-13,INR,USD,0.012462
2023-09-13,GBP,USD,1.117541
2023-09-13,AED,USD,0.272065
2023-09-13,SGD,USD,0.732758
2023-09-13,USD,USD,1.0
2023-09-14,INR,USD,0.012502
2023-09-14,GBP,USD,1.127248
2023-09-14,AED,USD,0.272099
2023-09-14,SGD,USD,0.732843
2023-09-14,USD,USD,1.0
2023-09-15,INR,USD,0.012511
2023-09-15,GBP,USD,1.129601
2023-09-15,AED,USD,0.272099
2023-09-15,SGD,USD,0.734142
2023-09-15,USD,USD,1.0
2023-09-16,INR,USD,0.012506
2023-09-16,GBP,USD,1.128484
2023-09-16,AED,USD,0.272129
2023-09-16,SGD,USD,0.734497
2023-09-16,USD,USD,1.0
2023-09-17,INR,USD,0.012507
2023-09-17,GBP,USD,1.133497
2023-09-17,AED,USD,0.272131
2023-09-17,SGD,USD,0.735116
2023-09-17,USD,USD,1.0
2023-09-18,INR,USD,0.012504
2023-09-18,GBP,USD,1.126533
2023-09-18,AED,USD,0.272131
2023-09-18,SGD,USD,0.732762
2023-09-18,USD,USD,1.0
2023-09-19,INR,USD,0.01251
2023-09-19,GBP,USD,1.119831
2023-09-19,AED,USD,0.272147
2023-09-19,SGD,USD,0.734332
2023-09-19,USD,USD,1.0
2023-09-20,INR,USD,0.012518
2023-09-20,GBP,USD,1.119252
2023-09-20,AED,USD,0.272154
2023-09-20,SGD,USD,0.730264
2023-09-20,USD,USD,1.0
2023-09-21,INR,USD,0.012483
2023-09-21,GBP,USD,1.118399
2023-09-21,AED,USD,0.27216
2023-09-21,SGD,USD,0.730111
2023-09-21,USD,USD,1.0
2023-09-22,INR,USD,0.01245
2023-09-22,GBP,USD,1.119137
2023-09-22,AED,USD,0.272152
2023-09-22,SGD,USD,0.727915
2023-09-22,USD,USD,1.0
2023-09-23,INR,USD,0.01246
2023-09-23,GBP,USD,1.117939
2023-09-23,AED,USD,0.272172
2023-09-23,SGD,USD,0.729301
2023-09-23,USD,USD,1.0
2023-09-24,INR,USD,0.012482
2023-09-24,GBP,USD,1.119739
2023-09-24,AED,USD,0.272158
2023-09-24,SGD,USD,0.72738
2023-09-24,USD,USD,1.0
2023-09-25,INR,USD,0.012435
2023-09-25,GBP,USD,1.136089
2023-09-25,AED,USD,0.272139
2023-09-25,SGD,USD,0.726959
2023-09-25,USD,USD,1.0
2023-09-26,INR,USD,0.012422
2023-09-26,GBP,USD,1.134466
2023-09-26,AED,USD,0.272129
2023-09-26,SGD,USD,0.723131
2023-09-26,USD,USD,1.0
2023-09-27,INR,USD,0.01239
2023-09-27,GBP,USD,1.126529
2023-09-27,AED,USD,0.272127
2023-09-27,SGD,USD,0.721741
2023-09-27,USD,USD,1.0
2023-09-28,INR,USD,0.012368
2023-09-28,GBP,USD,1.127741
2023-09-28,AED,USD,0.272117
2023-09-28,SGD,USD,0.723662
2023-09-28,USD,USD,1.0
2023-09-29,INR,USD,0.012355
2023-09-29,GBP,USD,1.129007
2023-09-29,AED,USD,0.272094
2023-09-29,SGD,USD,0.725022
2023-09-29,USD,USD,1.0
2023-09-30,INR,USD,0.012341
2023-09-30,GBP,USD,1.131321
2023-09-30,AED,USD,0.2721
2023-09-30,SGD,USD,0.724677
2023-09-30,USD,USD,1.0
2023-10-01,INR,USD,0.012347
2023-10-01,GBP,USD,1.129112
2023-10-01,AED,USD,0.272123
2023-10-01,SGD,USD,0.726611
2023-10-01,USD,USD,1.0
2023-10-02,INR,USD,0.012361
2023-10-02,GBP,USD,1.122402
2023-10-02,AED,USD,0.272104
2023-10-02,SGD,USD,0.725256
2023-10-02,USD,USD,1.0
2023-10-03,INR,USD,0.012353
2023-10-03,GBP,USD,1.124925
2023-10-03,AED,USD,0.272089
2023-10-03,SGD,USD,0.727692
2023-10-03,USD,USD,1.0
2023-10-04,INR,USD,0.012352
2023-10-04,GBP,USD,1.113558
2023-10-04,AED,USD,0.272081
2023-10-04,SGD,USD,0.72239
2023-10-04,USD,USD,1.0
2023-10-05,INR,USD,0.012328
2023-10-05,GBP,USD,1.110467
2023-10-05,AED,USD,0.27207
2023-10-05,SGD,USD,0.721735
2023-10-05,USD,USD,1.0
2023-10-06,INR,USD,0.012315
2023-10-06,GBP,USD,1.107135
2023-10-06,AED,USD,0.272096
2023-10-06,SGD,USD,0.724237
2023-10-06,USD,USD,1.0
2023-10-07,INR,USD,0.012278
2023-10-07,GBP,USD,1.114139
2023-10-07,AED,USD,0.272068
2023-10-07,SGD,USD,0.722578
2023-10-07,USD,USD,1.0
2023-10-08,INR,USD,0.012325
2023-10-08,GBP,USD,1.101621
2023-10-08,AED,USD,0.272078
2023-10-08,SGD,USD,0.720026
2023-10-08,USD,USD,1.0
2023-10-09,INR,USD,0.012319
2023-10-09,GBP,USD,1.100607
2023-10-09,AED,USD,0.272107
2023-10-09,SGD,USD,0.718385
2023-10-09,USD,USD,1.0
2023-10-10,INR,USD,0.012316
2023-10-10,GBP,USD,1.104076
2023-10-10,AED,USD,0.272103
2023-10-10,SGD,USD,0.716724
2023-10-10,USD,USD,1.0
2023-10-11,INR,USD,0.012313
2023-10-11,GBP,USD,1.104583
2023-10-11,AED,USD,0.272118
2023-10-11,SGD,USD,0.714822
2023-10-11,USD,USD,1.0
2023-10-12,INR,USD,0.012299
2023-10-12,GBP,USD,1.106368
2023-10-12,AED,USD,0.272115
2023-10-12,SGD,USD,0.714458
2023-10-12,USD,USD,1.0
2023-10-13,INR,USD,0.012297
2023-10-13,GBP,USD,1.102481
2023-10-13,AED,USD,0.272101
2023-10-13,SGD,USD,0.715362
2023-10-13,USD,USD,1.0
2023-10-14,INR,USD,0.012262
2023-10-14,GBP,USD,1.108961
2023-10-14,AED,USD,0.272105
2023-10-14,SGD,USD,0.71279
2023-10-14,USD,USD,1.0
2023-10-15,INR,USD,0.01227
2023-10-15,GBP,USD,1.109882
2023-10-15,AED,USD,0.272118
2023-10-15,SGD,USD,0.715146
2023-10-15,USD,USD,1.0
2023-10-16,INR,USD,0.012258
2023-10-16,GBP,USD,1.105916
2023-10-16,AED,USD,0.272108
2023-10-16,SGD,USD,0.713172
2023-10-16,USD,USD,1.0
2023-10-17,INR,USD,0.012234
2023-10-17,GBP,USD,1.107489
2023-10-17,AED,USD,0.272108
2023-10-17,SGD,USD,0.71219
2023-10-17,USD,USD,1.0
2023-10-18,INR,USD,0.01221
2023-10-18,GBP,USD,1.109418
2023-10-18,AED,USD,0.2721
2023-10-18,SGD,USD,0.710105
2023-10-18,USD,USD,1.0
2023-10-19,INR,USD,0.012205
2023-10-19,GBP,USD,1.107926
2023-10-19,AED,USD,0.272081
2023-10-19,SGD,USD,0.711783
2023-10-19,USD,USD,1.0
2023-10-20,INR,USD,0.01223
2023-10-20,GBP,USD,1.108141
2023-10-20,AED,USD,0.272083
2023-10-20,SGD,USD,0.712859
2023-10-20,USD,USD,1.0
2023-10-21,INR,USD,0.012228
2023-10-21,GBP,USD,1.113115
2023-10-21,AED,USD,0.272112
2023-10-21,SGD,USD,0.713033
2023-10-21,USD,USD,1.0
2023-10-22,INR,USD,0.012241
2023-10-22,GBP,USD,1.118011
2023-10-22,AED,USD,0.272106
2023-10-22,SGD,USD,0.710767
2023-10-22,USD,USD,1.0
2023-10-23,INR,USD,0.012268
2023-10-23,GBP,USD,1.109193
2023-10-23,AED,USD,0.272137
2023-10-23,SGD,USD,0.712534
2023-10-23,USD,USD,1.0
2023-10-24,INR,USD,0.012273
2023-10-24,GBP,USD,1.109465
2023-10-24,AED,USD,0.272167
2023-10-24,SGD,USD,0.710637
2023-10-24,USD,USD,1.0
2023-10-25,INR,USD,0.012236
2023-10-25,GBP,USD,1.106112
2023-10-25,AED,USD,0.272162
2023-10-25,SGD,USD,0.708624
2023-10-25,USD,USD,1.0
2023-10-26,INR,USD,0.01224
2023-10-26,GBP,USD,1.106856
2023-10-26,AED,USD,0.272148
2023-10-26,SGD,USD,0.711862
2023-10-26,USD,USD,1.0
2023-10-27,INR,USD,0.012196
2023-10-27,GBP,USD,1.099743
2023-10-27,AED,USD,0.272155
2023-10-27,SGD,USD,0.711455
2023-10-27,USD,USD,1.0
2023-10-28,INR,USD,0.012208
2023-10-28,GBP,USD,1.096304
2023-10-28,AED,USD,0.272137
2023-10-28,SGD,USD,0.710165
2023-10-28,USD,USD,1.0
2023-10-29,INR,USD,0.012186
2023-10-29,GBP,USD,1.099194
2023-10-29,AED,USD,0.272129
2023-10-29,SGD,USD,0.711711
2023-10-29,USD,USD,1.0
2023-10-30,INR,USD,0.012203
2023-10-30,GBP,USD,1.10496
2023-10-30,AED,USD,0.272144
2023-10-30,SGD,USD,0.713307
2023-10-30,USD,USD,1.0
2023-10-31,INR,USD,0.012226
2023-10-31,GBP,USD,1.102072
2023-10-31,AED,USD,0.27214
2023-10-31,SGD,USD,0.709627
2023-10-31,USD,USD,1.0
2023-11-01,INR,USD,0.012234
2023-11-01,GBP,USD,1.098323
2023-11-01,AED,USD,0.272147
2023-11-01,SGD,USD,0.7107
2023-11-01,USD,USD,1.0
2023-11-02,INR,USD,0.012191
2023-11-02,GBP,USD,1.092712
2023-11-02,AED,USD,0.272141
2023-11-02,SGD,USD,0.709669
2023-11-02,USD,USD,1.0
2023-11-03,INR,USD,0.012196
2023-11-03,GBP,USD,1.086354
2023-11-03,AED,USD,0.272141
2023-11-03,SGD,USD,0.706292
2023-11-03,USD,USD,1.0
2023-11-04,INR,USD,0.012129
2023-11-04,GBP,USD,1.09027
2023-11-04,AED,USD,0.272119
2023-11-04,SGD,USD,0.705183
2023-11-04,USD,USD,1.0
2023-11-05,INR,USD,0.012085
2023-11-05,GBP,USD,1.082543
2023-11-05,AED,USD,0.272112
2023-11-05,SGD,USD,0.704375
2023-11-05,USD,USD,1.0
2023-11-06,INR,USD,0.012114
2023-11-06,GBP,USD,1.084984
2023-11-06,AED,USD,0.272108
2023-11-06,SGD,USD,0.7059
2023-11-06,USD,USD,1.0
2023-11-07,INR,USD,0.012147
2023-11-07,GBP,USD,1.087222
2023-11-07,AED,USD,0.272101
2023-11-07,SGD,USD,0.707953
2023-11-07,USD,USD,1.0
2023-11-08,INR,USD,0.0122
2023-11-08,GBP,USD,1.090833
2023-11-08,AED,USD,0.272131
2023-11-08,SGD,USD,0.709826
2023-11-08,USD,USD,1.0
2023-11-09,INR,USD,0.012225
2023-11-09,GBP,USD,1.084843
2023-11-09,AED,USD,0.272112
2023-11-09,SGD,USD,0.709738
2023-11-09,USD,USD,1.0
2023-11-10,INR,USD,0.012173
2023-11-10,GBP,USD,1.081592
2023-11-10,AED,USD,0.272127
2023-11-10,SGD,USD,0.708412
2023-11-10,USD,USD,1.0
2023-11-11,INR,USD,0.012189
2023-11-11,GBP,USD,1.074238
2023-11-11,AED,USD,0.272118
2023-11-11,SGD,USD,0.710481
2023-11-11,USD,USD,1.0
2023-11-12,INR,USD,0.012194
2023-11-12,GBP,USD,1.075797
2023-11-12,AED,USD,0.272148
2023-11-12,SGD,USD,0.713109
2023-11-12,USD,USD,1.0
2023-11-13,INR,USD,0.012166
2023-11-13,GBP,USD,1.082952
2023-11-13,AED,USD,0.272137
2023-11-13,SGD,USD,0.713085
2023-11-13,USD,USD,1.0
2023-11-14,INR,USD,0.012166
2023-11-14,GBP,USD,1.08881
2023-11-14,AED,USD,0.272118
2023-11-14,SGD,USD,0.71401
2023-11-14,USD,USD,1.0
2023-11-15,INR,USD,0.012181
2023-11-15,GBP,USD,1.093258
2023-11-15,AED,USD,0.272114
2023-11-15,SGD,USD,0.716055
2023-11-15,USD,USD,1.0
2023-11-16,INR,USD,0.012158
2023-11-16,GBP,USD,1.099583
2023-11-16,AED,USD,0.27212
2023-11-16,SGD,USD,0.71323
2023-11-16,USD,USD,1.0
2023-11-17,INR,USD,0.01217
2023-11-17,GBP,USD,1.100563
2023-11-17,AED,USD,0.272114
2023-11-17,SGD,USD,0.711755
2023-11-17,USD,USD,1.0
2023-11-18,INR,USD,0.012162
2023-11-18,GBP,USD,1.092579
2023-11-18,AED,USD,0.272143
2023-11-18,SGD,USD,0.709493
2023-11-18,USD,USD,1.0
2023-11-19,INR,USD,0.01214
2023-11-19,GBP,USD,1.098887
2023-11-19,AED,USD,0.272153
2023-11-19,SGD,USD,0.710954
2023-11-19,USD,USD,1.0
2023-11-20,INR,USD,0.012186
2023-11-20,GBP,USD,1.097146
2023-11-20,AED,USD,0.272135
2023-11-20,SGD,USD,0.712669
2023-11-20,USD,USD,1.0
2023-11-21,INR,USD,0.01221
2023-11-21,GBP,USD,1.095326
2023-11-21,AED,USD,0.272113
2023-11-21,SGD,USD,0.715188
2023-11-21,USD,USD,1.0
2023-11-22,INR,USD,0.012226
2023-11-22,GBP,USD,1.087757
2023-11-22,AED,USD,0.272127
2023-11-22,SGD,USD,0.712284
2023-11-22,USD,USD,1.0
2023-11-23,INR,USD,0.012211
2023-11-23,GBP,USD,1.081603
2023-11-23,AED,USD,0.272116
2023-11-23,SGD,USD,0.710615
2023-11-23,USD,USD,1.0
2023-11-24,INR,USD,0.012191
2023-11-24,GBP,USD,1.085544
2023-11-24,AED,USD,0.272121
2023-11-24,SGD,USD,0.711894
2023-11-24,USD,USD,1.0
2023-11-25,INR,USD,0.012224
2023-11-25,GBP,USD,1.083494
2023-11-25,AED,USD,0.272122
2023-11-25,SGD,USD,0.712992
2023-11-25,USD,USD,1.0
2023-11-26,INR,USD,0.012275
2023-11-26,GBP,USD,1.0884
2023-11-26,AED,USD,0.272146
2023-11-26,SGD,USD,0.715065
2023-11-26,USD,USD,1.0
2023-11-27,INR,USD,0.012307
2023-11-27,GBP,USD,1.078641
2023-11-27,AED,USD,0.272161
2023-11-27,SGD,USD,0.715509
2023-11-27,USD,USD,1.0
2023-11-28,INR,USD,0.012308
2023-11-28,GBP,USD,1.075765
2023-11-28,AED,USD,0.272154
2023-11-28,SGD,USD,0.716365
2023-11-28,USD,USD,1.0
2023-11-29,INR,USD,0.012333
2023-11-29,GBP,USD,1.067662
2023-11-29,AED,USD,0.272158
2023-11-29,SGD,USD,0.715238
2023-11-29,USD,USD,1.0
2023-11-30,INR,USD,0.012303
2023-11-30,GBP,USD,1.069763
2023-11-30,AED,USD,0.272152
2023-11-30,SGD,USD,0.713914
2023-11-30,USD,USD,1.0
2023-12-01,INR,USD,0.012278
2023-12-01,GBP,USD,1.071267
2023-12-01,AED,USD,0.272152
2023-12-01,SGD,USD,0.71172
2023-12-01,USD,USD,1.0
2023-12-02,INR,USD,0.012251
2023-12-02,GBP,USD,1.070269
2023-12-02,AED,USD,0.272159
2023-12-02,SGD,USD,0.709616
2023-12-02,USD,USD,1.0
2023-12-03,INR,USD,0.012265
2023-12-03,GBP,USD,1.06582
2023-12-03,AED,USD,0.272205
2023-12-03,SGD,USD,0.707737
2023-12-03,USD,USD,1.0
2023-12-04,INR,USD,0.01224
2023-12-04,GBP,USD,1.066849
2023-12-04,AED,USD,0.27219
2023-12-04,SGD,USD,0.709411
2023-12-04,USD,USD,1.0
2023-12-05,INR,USD,0.012295
2023-12-05,GBP,USD,1.064754
2023-12-05,AED,USD,0.272193
2023-12-05,SGD,USD,0.708382
2023-12-05,USD,USD,1.0
2023-12-06,INR,USD,0.012294
2023-12-06,GBP,USD,1.07245
2023-12-06,AED,USD,0.272208
2023-12-06,SGD,USD,0.706579
2023-12-06,USD,USD,1.0
2023-12-07,INR,USD,0.012341
2023-12-07,GBP,USD,1.078736
2023-12-07,AED,USD,0.272217
2023-12-07,SGD,USD,0.705271
2023-12-07,USD,USD,1.0
2023-12-08,INR,USD,0.012342
2023-12-08,GBP,USD,1.074406
2023-12-08,AED,USD,0.272225
2023-12-08,SGD,USD,0.70465
2023-12-08,USD,USD,1.0
2023-12-09,INR,USD,0.012272
2023-12-09,GBP,USD,1.079419
2023-12-09,AED,USD,0.272228
2023-12-09,SGD,USD,0.706819
2023-12-09,USD,USD,1.0
2023-12-10,INR,USD,0.012267
2023-12-10,GBP,USD,1.080431
2023-12-10,AED,USD,0.272247
2023-12-10,SGD,USD,0.707608
2023-12-10,USD,USD,1.0
2023-12-11,INR,USD,0.012275
2023-12-11,GBP,USD,1.098062
2023-12-11,AED,USD,0.272244
2023-12-11,SGD,USD,0.707958
2023-12-11,USD,USD,1.0
2023-12-12,INR,USD,0.012327
2023-12-12,GBP,USD,1.093602
2023-12-12,AED,USD,0.272226
2023-12-12,SGD,USD,0.705101
2023-12-12,USD,USD,1.0
2023-12-13,INR,USD,0.012343
2023-12-13,GBP,USD,1.097042
2023-12-13,AED,USD,0.272239
2023-12-13,SGD,USD,0.702412
2023-12-13,USD,USD,1.0
2023-12-14,INR,USD,0.012373
2023-12-14,GBP,USD,1.103667
2023-12-14,AED,USD,0.272237
2023-12-14,SGD,USD,0.702488
2023-12-14,USD,USD,1.0
2023-12-15,INR,USD,0.012394
2023-12-15,GBP,USD,1.105697
2023-12-15,AED,USD,0.272248
2023-12-15,SGD,USD,0.70034
2023-12-15,USD,USD,1.0
2023-12-16,INR,USD,0.012387
2023-12-16,GBP,USD,1.098947
2023-12-16,AED,USD,0.272259
2023-12-16,SGD,USD,0.701404
2023-12-16,USD,USD,1.0
2023-12-17,INR,USD,0.012383
2023-12-17,GBP,USD,1.100578
2023-12-17,AED,USD,0.272232
2023-12-17,SGD,USD,0.703123
2023-12-17,USD,USD,1.0
2023-12-18,INR,USD,0.012368
2023-12-18,GBP,USD,1.10128
2023-12-18,AED,USD,0.272252
2023-12-18,SGD,USD,0.701628
2023-12-18,USD,USD,1.0
2023-12-19,INR,USD,0.012404
2023-12-19,GBP,USD,1.101955
2023-12-19,AED,USD,0.272252
2023-12-19,SGD,USD,0.702746
2023-12-19,USD,USD,1.0
2023-12-20,INR,USD,0.012364
2023-12-20,GBP,USD,1.105245
2023-12-20,AED,USD,0.272253
2023-12-20,SGD,USD,0.704825
2023-12-20,USD,USD,1.0
2023-12-21,INR,USD,0.012357
2023-12-21,GBP,USD,1.103209
2023-12-21,AED,USD,0.272259
2023-12-21,SGD,USD,0.704717
2023-12-21,USD,USD,1.0
2023-12-22,INR,USD,0.012319
2023-12-22,GBP,USD,1.102118
2023-12-22,AED,USD,0.272281
2023-12-22,SGD,USD,0.704542
2023-12-22,USD,USD,1.0
2023-12-23,INR,USD,0.012291
2023-12-23,GBP,USD,1.106087
2023-12-23,AED,USD,0.272249
2023-12-23,SGD,USD,0.700331
2023-12-23,USD,USD,1.0
2023-12-24,INR,USD,0.01229
2023-12-24,GBP,USD,1.107082
2023-12-24,AED,USD,0.272253
2023-12-24,SGD,USD,0.698572
2023-12-24,USD,USD,1.0
2023-12-25,INR,USD,0.012285
2023-12-25,GBP,USD,1.099292
2023-12-25,AED,USD,0.272257
2023-12-25,SGD,USD,0.695392
2023-12-25,USD,USD,1.0
2023-12-26,INR,USD,0.012279
2023-12-26,GBP,USD,1.100728
2023-12-26,AED,USD,0.272227
2023-12-26,SGD,USD,0.694374
2023-12-26,USD,USD,1.0
2023-12-27,INR,USD,0.012303
2023-12-27,GBP,USD,1.10934
2023-12-27,AED,USD,0.272201
2023-12-27,SGD,USD,0.695054
2023-12-27,USD,USD,1.0
2023-12-28,INR,USD,0.012263
2023-12-28,GBP,USD,1.10183
2023-12-28,AED,USD,0.272228
2023-12-28,SGD,USD,0.696383
2023-12-28,USD,USD,1.0
2023-12-29,INR,USD,0.012238
2023-12-29,GBP,USD,1.103033
2023-12-29,AED,USD,0.272239
2023-12-29,SGD,USD,0.696752
2023-12-29,USD,USD,1.0
2023-12-30,INR,USD,0.012306
2023-12-30,GBP,USD,1.106392
2023-12-30,AED,USD,0.272188
2023-12-30,SGD,USD,0.69619
2023-12-30,USD,USD,1.0
2023-12-31,INR,USD,0.012283
2023-12-31,GBP,USD,1.10524
2023-12-31,AED,USD,0.272188
2023-12-31,SGD,USD,0.694917
2023-12-31,USD,USD,1.0
2024-01-01,INR,USD,0.012248
2024-01-01,GBP,USD,1.112846
2024-01-01,AED,USD,0.272199
2024-01-01,SGD,USD,0.693608
2024-01-01,USD,USD,1.0
2024-01-02,INR,USD,0.012268
2024-01-02,GBP,USD,1.116625
2024-01-02,AED,USD,0.27222
2024-01-02,SGD,USD,0.691547
2024-01-02,USD,USD,1.0
2024-01-03,INR,USD,0.012291
2024-01-03,GBP,USD,1.113196
2024-01-03,AED,USD,0.27224
2024-01-03,SGD,USD,0.691181
2024-01-03,USD,USD,1.0
2024-01-04,INR,USD,0.01222
2024-01-04,GBP,USD,1.11338
2024-01-04,AED,USD,0.27221
2024-01-04,SGD,USD,0.690766
2024-01-04,USD,USD,1.0
2024-01-05,INR,USD,0.012218
2024-01-05,GBP,USD,1.111117
2024-01-05,AED,USD,0.272184
2024-01-05,SGD,USD,0.688596
2024-01-05,USD,USD,1.0
2024-01-06,INR,USD,0.012191
2024-01-06,GBP,USD,1.109714
2024-01-06,AED,USD,0.272206
2024-01-06,SGD,USD,0.689992
2024-01-06,USD,USD,1.0
2024-01-07,INR,USD,0.012175
2024-01-07,GBP,USD,1.116847
2024-01-07,AED,USD,0.272183
2024-01-07,SGD,USD,0.691345
2024-01-07,USD,USD,1.0
2024-01-08,INR,USD,0.012169
2024-01-08,GBP,USD,1.118164
2024-01-08,AED,USD,0.272194
2024-01-08,SGD,USD,0.690025
2024-01-08,USD,USD,1.0
2024-01-09,INR,USD,0.012193
2024-01-09,GBP,USD,1.118097
2024-01-09,AED,USD,0.272235
2024-01-09,SGD,USD,0.689441
2024-01-09,USD,USD,1.0
2024-01-10,INR,USD,0.012231
2024-01-10,GBP,USD,1.121735
2024-01-10,AED,USD,0.272215
2024-01-10,SGD,USD,0.692116
2024-01-10,USD,USD,1.0
2024-01-11,INR,USD,0.012197
2024-01-11,GBP,USD,1.109174
2024-01-11,AED,USD,0.272229
2024-01-11,SGD,USD,0.694228
2024-01-11,USD,USD,1.0
2024-01-12,INR,USD,0.012198
2024-01-12,GBP,USD,1.107702
2024-01-12,AED,USD,0.272257
2024-01-12,SGD,USD,0.695641
2024-01-12,USD,USD,1.0
2024-01-13,INR,USD,0.012177
2024-01-13,GBP,USD,1.111779
2024-01-13,AED,USD,0.272235
2024-01-13,SGD,USD,0.694551
2024-01-13,USD,USD,1.0
2024-01-14,INR,USD,0.012144
2024-01-14,GBP,USD,1.099507
2024-01-14,AED,USD,0.272215
2024-01-14,SGD,USD,0.696972
2024-01-14,USD,USD,1.0
2024-01-15,INR,USD,0.012109
2024-01-15,GBP,USD,1.096449
2024-01-15,AED,USD,0.272195
2024-01-15,SGD,USD,0.698696
2024-01-15,USD,USD,1.0
2024-01-16,INR,USD,0.012109
2024-01-16,GBP,USD,1.09915
2024-01-16,AED,USD,0.272193
2024-01-16,SGD,USD,0.696391
2024-01-16,USD,USD,1.0
2024-01-17,INR,USD,0.012078
2024-01-17,GBP,USD,1.103784
2024-01-17,AED,USD,0.272192
2024-01-17,SGD,USD,0.697933
2024-01-17,USD,USD,1.0
2024-01-18,INR,USD,0.011981
2024-01-18,GBP,USD,1.109962
2024-01-18,AED,USD,0.272184
2024-01-18,SGD,USD,0.702256
2024-01-18,USD,USD,1.0
2024-01-19,INR,USD,0.011965
2024-01-19,GBP,USD,1.110106
2024-01-19,AED,USD,0.272195
2024-01-19,SGD,USD,0.700526
2024-01-19,USD,USD,1.0
2024-01-20,INR,USD,0.01199
2024-01-20,GBP,USD,1.106488
2024-01-20,AED,USD,0.272217
2024-01-20,SGD,USD,0.702114
2024-01-20,USD,USD,1.0
2024-01-21,INR,USD,0.012004
2024-01-21,GBP,USD,1.102443
2024-01-21,AED,USD,0.272214
2024-01-21,SGD,USD,0.702722
2024-01-21,USD,USD,1.0
2024-01-22,INR,USD,0.011942
2024-01-22,GBP,USD,1.099368
2024-01-22,AED,USD,0.27223
2024-01-22,SGD,USD,0.700211
2024-01-22,USD,USD,1.0
2024-01-23,INR,USD,0.01198
2024-01-23,GBP,USD,1.095879
2024-01-23,AED,USD,0.272235
2024-01-23,SGD,USD,0.697948
2024-01-23,USD,USD,1.0
2024-01-24,INR,USD,0.011994
2024-01-24,GBP,USD,1.098423
2024-01-24,AED,USD,0.272255
2024-01-24,SGD,USD,0.700643
2024-01-24,USD,USD,1.0
2024-01-25,INR,USD,0.012031
2024-01-25,GBP,USD,1.099566
2024-01-25,AED,USD,0.272234
2024-01-25,SGD,USD,0.703289
2024-01-25,USD,USD,1.0
2024-01-26,INR,USD,0.01199
2024-01-26,GBP,USD,1.097124
2024-01-26,AED,USD,0.272246
2024-01-26,SGD,USD,0.704185
2024-01-26,USD,USD,1.0
2024-01-27,INR,USD,0.012038
2024-01-27,GBP,USD,1.097088
2024-01-27,AED,USD,0.272218
2024-01-27,SGD,USD,0.703647
2024-01-27,USD,USD,1.0
2024-01-28,INR,USD,0.012042
2024-01-28,GBP,USD,1.095137
2024-01-28,AED,USD,0.272242
2024-01-28,SGD,USD,0.703164
2024-01-28,USD,USD,1.0
2024-01-29,INR,USD,0.011998
2024-01-29,GBP,USD,1.097703
2024-01-29,AED,USD,0.272222
2024-01-29,SGD,USD,0.706572
2024-01-29,USD,USD,1.0
2024-01-30,INR,USD,0.012005
2024-01-30,GBP,USD,1.089953
2024-01-30,AED,USD,0.272241
2024-01-30,SGD,USD,0.711344
2024-01-30,USD,USD,1.0
2024-01-31,INR,USD,0.011944
2024-01-31,GBP,USD,1.094911
2024-01-31,AED,USD,0.272249
2024-01-31,SGD,USD,0.71171
2024-01-31,USD,USD,1.0
2024-02-01,INR,USD,0.011953
2024-02-01,GBP,USD,1.097615
2024-02-01,AED,USD,0.272237
2024-02-01,SGD,USD,0.714574
2024-02-01,USD,USD,1.0
2024-02-02,INR,USD,0.011912
2024-02-02,GBP,USD,1.108488
2024-02-02,AED,USD,0.272263
2024-02-02,SGD,USD,0.712186
2024-02-02,USD,USD,1.0
2024-02-03,INR,USD,0.01191
2024-02-03,GBP,USD,1.116434
2024-02-03,AED,USD,0.272255
2024-02-03,SGD,USD,0.71187
2024-02-03,USD,USD,1.0
2024-02-04,INR,USD,0.011898
2024-02-04,GBP,USD,1.123008
2024-02-04,AED,USD,0.272244
2024-02-04,SGD,USD,0.711861
2024-02-04,USD,USD,1.0
2024-02-05,INR,USD,0.011913
2024-02-05,GBP,USD,1.121819
2024-02-05,AED,USD,0.272229
2024-02-05,SGD,USD,0.70917
2024-02-05,USD,USD,1.0
2024-02-06,INR,USD,0.011866
2024-02-06,GBP,USD,1.115155
2024-02-06,AED,USD,0.2722
2024-02-06,SGD,USD,0.707722
2024-02-06,USD,USD,1.0
2024-02-07,INR,USD,0.011875
2024-02-07,GBP,USD,1.115445
2024-02-07,AED,USD,0.272186
2024-02-07,SGD,USD,0.705694
2024-02-07,USD,USD,1.0
2024-02-08,INR,USD,0.011844
2024-02-08,GBP,USD,1.107656
2024-02-08,AED,USD,0.272165
2024-02-08,SGD,USD,0.707135
2024-02-08,USD,USD,1.0
2024-02-09,INR,USD,0.011801
2024-02-09,GBP,USD,1.107739
2024-02-09,AED,USD,0.272154
2024-02-09,SGD,USD,0.71203
2024-02-09,USD,USD,1.0
2024-02-10,INR,USD,0.011747
2024-02-10,GBP,USD,1.108804
2024-02-10,AED,USD,0.272148
2024-02-10,SGD,USD,0.710487
2024-02-10,USD,USD,1.0
2024-02-11,INR,USD,0.011756
2024-02-11,GBP,USD,1.10966
2024-02-11,AED,USD,0.27213
2024-02-11,SGD,USD,0.711357
2024-02-11,USD,USD,1.0
2024-02-12,INR,USD,0.011766
2024-02-12,GBP,USD,1.116992
2024-02-12,AED,USD,0.272119
2024-02-12,SGD,USD,0.71434
2024-02-12,USD,USD,1.0
2024-02-13,INR,USD,0.011759
2024-02-13,GBP,USD,1.10591
2024-02-13,AED,USD,0.272128
2024-02-13,SGD,USD,0.714186
2024-02-13,USD,USD,1.0
2024-02-14,INR,USD,0.011732
2024-02-14,GBP,USD,1.11111
2024-02-14,AED,USD,0.27212
2024-02-14,SGD,USD,0.716259
2024-02-14,USD,USD,1.0
2024-02-15,INR,USD,0.011729
2024-02-15,GBP,USD,1.115305
2024-02-15,AED,USD,0.272132
2024-02-15,SGD,USD,0.717232
2024-02-15,USD,USD,1.0
2024-02-16,INR,USD,0.011698
2024-02-16,GBP,USD,1.120472
2024-02-16,AED,USD,0.272132
2024-02-16,SGD,USD,0.721326
2024-02-16,USD,USD,1.0
2024-02-17,INR,USD,0.011711
2024-02-17,GBP,USD,1.124707
2024-02-17,AED,USD,0.272119
2024-02-17,SGD,USD,0.720507
2024-02-17,USD,USD,1.0
2024-02-18,INR,USD,0.011713
2024-02-18,GBP,USD,1.118078
2024-02-18,AED,USD,0.272099
2024-02-18,SGD,USD,0.720297
2024-02-18,USD,USD,1.0
2024-02-19,INR,USD,0.01171
2024-02-19,GBP,USD,1.119203
2024-02-19,AED,USD,0.272118
2024-02-19,SGD,USD,0.719491
2024-02-19,USD,USD,1.0
2024-02-20,INR,USD,0.011729
2024-02-20,GBP,USD,1.118374
2024-02-20,AED,USD,0.272115
2024-02-20,SGD,USD,0.720027
2024-02-20,USD,USD,1.0
2024-02-21,INR,USD,0.011667
2024-02-21,GBP,USD,1.118733
2024-02-21,AED,USD,0.272104
2024-02-21,SGD,USD,0.718143
2024-02-21,USD,USD,1.0
2024-02-22,INR,USD,0.011611
2024-02-22,GBP,USD,1.116225
2024-02-22,AED,USD,0.272072
2024-02-22,SGD,USD,0.719928
2024-02-22,USD,USD,1.0
2024-02-23,INR,USD,0.011603
2024-02-23,GBP,USD,1.106789
2024-02-23,AED,USD,0.27206
2024-02-23,SGD,USD,0.721482
2024-02-23,USD,USD,1.0
2024-02-24,INR,USD,0.011585
2024-02-24,GBP,USD,1.105207
2024-02-24,AED,USD,0.272054
2024-02-24,SGD,USD,0.721231
2024-02-24,USD,USD,1.0
2024-02-25,INR,USD,0.011535
2024-02-25,GBP,USD,1.10494
2024-02-25,AED,USD,0.272044
2024-02-25,SGD,USD,0.727307
2024-02-25,USD,USD,1.0
2024-02-26,INR,USD,0.011528
2024-02-26,GBP,USD,1.102392
2024-02-26,AED,USD,0.272061
2024-02-26,SGD,USD,0.726996
2024-02-26,USD,USD,1.0
2024-02-27,INR,USD,0.011534
2024-02-27,GBP,USD,1.097533
2024-02-27,AED,USD,0.272088
2024-02-27,SGD,USD,0.725716
2024-02-27,USD,USD,1.0
2024-02-28,INR,USD,0.011544
2024-02-28,GBP,USD,1.1038
2024-02-28,AED,USD,0.272083
2024-02-28,SGD,USD,0.725727
2024-02-28,USD,USD,1.0
2024-02-29,INR,USD,0.01156
2024-02-29,GBP,USD,1.10759
2024-02-29,AED,USD,0.272064
2024-02-29,SGD,USD,0.726112
2024-02-29,USD,USD,1.0
2024-03-01,INR,USD,0.011532
2024-03-01,GBP,USD,1.103423
2024-03-01,AED,USD,0.272053
2024-03-01,SGD,USD,0.72863
2024-03-01,USD,USD,1.0
2024-03-02,INR,USD,0.011578
2024-03-02,GBP,USD,1.117993
2024-03-02,AED,USD,0.272052
2024-03-02,SGD,USD,0.726906
2024-03-02,USD,USD,1.0
2024-03-03,INR,USD,0.011548
2024-03-03,GBP,USD,1.127072
2024-03-03,AED,USD,0.272026
2024-03-03,SGD,USD,0.726265
2024-03-03,USD,USD,1.0
2024-03-04,INR,USD,0.011531
2024-03-04,GBP,USD,1.137041
2024-03-04,AED,USD,0.272008
2024-03-04,SGD,USD,0.728548
2024-03-04,USD,USD,1.0
2024-03-05,INR,USD,0.011568
2024-03-05,GBP,USD,1.136071
2024-03-05,AED,USD,0.272016
2024-03-05,SGD,USD,0.725388
2024-03-05,USD,USD,1.0
2024-03-06,INR,USD,0.011565
2024-03-06,GBP,USD,1.134827
2024-03-06,AED,USD,0.271972
2024-03-06,SGD,USD,0.726255
2024-03-06,USD,USD,1.0
2024-03-07,INR,USD,0.011575
2024-03-07,GBP,USD,1.125169
2024-03-07,AED,USD,0.271948
2024-03-07,SGD,USD,0.724725
2024-03-07,USD,USD,1.0
2024-03-08,INR,USD,0.011558
2024-03-08,GBP,USD,1.123419
2024-03-08,AED,USD,0.271932
2024-03-08,SGD,USD,0.722669
2024-03-08,USD,USD,1.0
2024-03-09,INR,USD,0.011566
2024-03-09,GBP,USD,1.120717
2024-03-09,AED,USD,0.27193
2024-03-09,SGD,USD,0.72221
2024-03-09,USD,USD,1.0
2024-03-10,INR,USD,0.011579
2024-03-10,GBP,USD,1.119832
2024-03-10,AED,USD,0.271944
2024-03-10,SGD,USD,0.722432
2024-03-10,USD,USD,1.0
2024-03-11,INR,USD,0.011604
2024-03-11,GBP,USD,1.126878
2024-03-11,AED,USD,0.271919
2024-03-11,SGD,USD,0.724334
2024-03-11,USD,USD,1.0
2024-03-12,INR,USD,0.011655
2024-03-12,GBP,USD,1.121354
2024-03-12,AED,USD,0.271919
2024-03-12,SGD,USD,0.723613
2024-03-12,USD,USD,1.0
2024-03-13,INR,USD,0.011667
2024-03-13,GBP,USD,1.124282
2024-03-13,AED,USD,0.271907
2024-03-13,SGD,USD,0.726322
2024-03-13,USD,USD,1.0
2024-03-14,INR,USD,0.011641
2024-03-14,GBP,USD,1.123485
2024-03-14,AED,USD,0.271925
2024-03-14,SGD,USD,0.730366
2024-03-14,USD,USD,1.0
2024-03-15,INR,USD,0.011625
2024-03-15,GBP,USD,1.127908
2024-03-15,AED,USD,0.271929
2024-03-15,SGD,USD,0.727109
2024-03-15,USD,USD,1.0
2024-03-16,INR,USD,0.011597
2024-03-16,GBP,USD,1.121067
2024-03-16,AED,USD,0.27192
2024-03-16,SGD,USD,0.726262
2024-03-16,USD,USD,1.0
2024-03-17,INR,USD,0.011597
2024-03-17,GBP,USD,1.128294
2024-03-17,AED,USD,0.271927
2024-03-17,SGD,USD,0.731756
2024-03-17,USD,USD,1.0
2024-03-18,INR,USD,0.011589
2024-03-18,GBP,USD,1.132777
2024-03-18,AED,USD,0.271934
2024-03-18,SGD,USD,0.734899
2024-03-18,USD,USD,1.0
2024-03-19,INR,USD,0.011577
2024-03-19,GBP,USD,1.137598
2024-03-19,AED,USD,0.271962
2024-03-19,SGD,USD,0.733411
2024-03-19,USD,USD,1.0
2024-03-20,INR,USD,0.011574
2024-03-20,GBP,USD,1.140478
2024-03-20,AED,USD,0.271955
2024-03-20,SGD,USD,0.731605
2024-03-20,USD,USD,1.0
2024-03-21,INR,USD,0.011626
2024-03-21,GBP,USD,1.139144
2024-03-21,AED,USD,0.271985
2024-03-21,SGD,USD,0.730563
2024-03-21,USD,USD,1.0
2024-03-22,INR,USD,0.011619
2024-03-22,GBP,USD,1.143715
2024-03-22,AED,USD,0.271981
2024-03-22,SGD,USD,0.728715
2024-03-22,USD,USD,1.0
2024-03-23,INR,USD,0.011597
2024-03-23,GBP,USD,1.145273
2024-03-23,AED,USD,0.27197
2024-03-23,SGD,USD,0.728909
2024-03-23,USD,USD,1.0
2024-03-24,INR,USD,0.011531
2024-03-24,GBP,USD,1.142042
2024-03-24,AED,USD,0.271967
2024-03-24,SGD,USD,0.727862
2024-03-24,USD,USD,1.0
2024-03-25,INR,USD,0.011501
2024-03-25,GBP,USD,1.136954
2024-03-25,AED,USD,0.271968
2024-03-25,SGD,USD,0.730948
2024-03-25,USD,USD,1.0
2024-03-26,INR,USD,0.01146
2024-03-26,GBP,USD,1.135358
2024-03-26,AED,USD,0.271985
2024-03-26,SGD,USD,0.731653
2024-03-26,USD,USD,1.0
2024-03-27,INR,USD,0.011456
2024-03-27,GBP,USD,1.132768
2024-03-27,AED,USD,0.271985
2024-03-27,SGD,USD,0.731455
2024-03-27,USD,USD,1.0
2024-03-28,INR,USD,0.011392
2024-03-28,GBP,USD,1.128675
2024-03-28,AED,USD,0.271951
2024-03-28,SGD,USD,0.734149
2024-03-28,USD,USD,1.0
2024-03-29,INR,USD,0.011415
2024-03-29,GBP,USD,1.124186
2024-03-29,AED,USD,0.271965
2024-03-29,SGD,USD,0.739274
2024-03-29,USD,USD,1.0
2024-03-30,INR,USD,0.011397
2024-03-30,GBP,USD,1.131556
2024-03-30,AED,USD,0.271971
2024-03-30,SGD,USD,0.73879
2024-03-30,USD,USD,1.0
2024-03-31,INR,USD,0.011364
2024-03-31,GBP,USD,1.128376
2024-03-31,AED,USD,0.271965
2024-03-31,SGD,USD,0.733967
2024-03-31,USD,USD,1.0
2024-04-01,INR,USD,0.011378
2024-04-01,GBP,USD,1.126534
2024-04-01,AED,USD,0.271972
2024-04-01,SGD,USD,0.733107
2024-04-01,USD,USD,1.0
2024-04-02,INR,USD,0.011464
2024-04-02,GBP,USD,1.11715
2024-04-02,AED,USD,0.271956
2024-04-02,SGD,USD,0.734586
2024-04-02,USD,USD,1.0
2024-04-03,INR,USD,0.011531
2024-04-03,GBP,USD,1.111563
2024-04-03,AED,USD,0.271988
2024-04-03,SGD,USD,0.73269
2024-04-03,USD,USD,1.0
2024-04-04,INR,USD,0.011568
2024-04-04,GBP,USD,1.111971
2024-04-04,AED,USD,0.272026
2024-04-04,SGD,USD,0.736413
2024-04-04,USD,USD,1.0
2024-04-05,INR,USD,0.011548
2024-04-05,GBP,USD,1.12853
2024-04-05,AED,USD,0.272007
2024-04-05,SGD,USD,0.73577
2024-04-05,USD,USD,1.0
2024-04-06,INR,USD,0.0116
2024-04-06,GBP,USD,1.124345
2024-04-06,AED,USD,0.271996
2024-04-06,SGD,USD,0.736054
2024-04-06,USD,USD,1.0
2024-04-07,INR,USD,0.011612
2024-04-07,GBP,USD,1.126526
2024-04-07,AED,USD,0.271983
2024-04-07,SGD,USD,0.736477
2024-04-07,USD,USD,1.0
2024-04-08,INR,USD,0.01163
2024-04-08,GBP,USD,1.135083
2024-04-08,AED,USD,0.271989
2024-04-08,SGD,USD,0.733877
2024-04-08,USD,USD,1.0
2024-04-09,INR,USD,0.01163
2024-04-09,GBP,USD,1.131524
2024-04-09,AED,USD,0.272011
2024-04-09,SGD,USD,0.730411
2024-04-09,USD,USD,1.0
2024-04-10,INR,USD,0.011646
2024-04-10,GBP,USD,1.125451
2024-04-10,AED,USD,0.272033
2024-04-10,SGD,USD,0.732021
2024-04-10,USD,USD,1.0
2024-04-11,INR,USD,0.011651
2024-04-11,GBP,USD,1.128304
2024-04-11,AED,USD,0.272027
2024-04-11,SGD,USD,0.733437
2024-04-11,USD,USD,1.0
2024-04-12,INR,USD,0.011649
2024-04-12,GBP,USD,1.132455
2024-04-12,AED,USD,0.272028
2024-04-12,SGD,USD,0.728308
2024-04-12,USD,USD,1.0
2024-04-13,INR,USD,0.011633
2024-04-13,GBP,USD,1.141134
2024-04-13,AED,USD,0.272053
2024-04-13,SGD,USD,0.728535
2024-04-13,USD,USD,1.0
2024-04-14,INR,USD,0.011629
2024-04-14,GBP,USD,1.139193
2024-04-14,AED,USD,0.272064
2024-04-14,SGD,USD,0.729743
2024-04-14,USD,USD,1.0
2024-04-15,INR,USD,0.011599
2024-04-15,GBP,USD,1.142984
2024-04-15,AED,USD,0.272085
2024-04-15,SGD,USD,0.727782
2024-04-15,USD,USD,1.0
2024-04-16,INR,USD,0.011593
2024-04-16,GBP,USD,1.145642
2024-04-16,AED,USD,0.272097
2024-04-16,SGD,USD,0.726927
2024-04-16,USD,USD,1.0
2024-04-17,INR,USD,0.011576
2024-04-17,GBP,USD,1.142953
2024-04-17,AED,USD,0.272104
2024-04-17,SGD,USD,0.727823
2024-04-17,USD,USD,1.0
2024-04-18,INR,USD,0.011575
2024-04-18,GBP,USD,1.135107
2024-04-18,AED,USD,0.272085
2024-04-18,SGD,USD,0.72915
2024-04-18,USD,USD,1.0
2024-04-19,INR,USD,0.011539
2024-04-19,GBP,USD,1.136389
2024-04-19,AED,USD,0.272079
2024-04-19,SGD,USD,0.727917
2024-04-19,USD,USD,1.0
2024-04-20,INR,USD,0.011538
2024-04-20,GBP,USD,1.146015
2024-04-20,AED,USD,0.272084
2024-04-20,SGD,USD,0.727319
2024-04-20,USD,USD,1.0
2024-04-21,INR,USD,0.011495
2024-04-21,GBP,USD,1.148963
2024-04-21,AED,USD,0.272104
2024-04-21,SGD,USD,0.728584
2024-04-21,USD,USD,1.0
2024-04-22,INR,USD,0.011528
2024-04-22,GBP,USD,1.151711
2024-04-22,AED,USD,0.272081
2024-04-22,SGD,USD,0.728503
2024-04-22,USD,USD,1.0
2024-04-23,INR,USD,0.011542
2024-04-23,GBP,USD,1.155889
2024-04-23,AED,USD,0.272073
2024-04-23,SGD,USD,0.728383
2024-04-23,USD,USD,1.0
2024-04-24,INR,USD,0.011552
2024-04-24,GBP,USD,1.163303
2024-04-24,AED,USD,0.27209
2024-04-24,SGD,USD,0.729731
2024-04-24,USD,USD,1.0
2024-04-25,INR,USD,0.011563
2024-04-25,GBP,USD,1.157293
2024-04-25,AED,USD,0.272071
2024-04-25,SGD,USD,0.729552
2024-04-25,USD,USD,1.0
2024-04-26,INR,USD,0.011592
2024-04-26,GBP,USD,1.159587
2024-04-26,AED,USD,0.272081
2024-04-26,SGD,USD,0.726465
2024-04-26,USD,USD,1.0
2024-04-27,INR,USD,0.011549
2024-04-27,GBP,USD,1.166135
2024-04-27,AED,USD,0.27208
2024-04-27,SGD,USD,0.723776
2024-04-27,USD,USD,1.0
2024-04-28,INR,USD,0.011574
2024-04-28,GBP,USD,1.167637
2024-04-28,AED,USD,0.272131
2024-04-28,SGD,USD,0.726357
2024-04-28,USD,USD,1.0
2024-04-29,INR,USD,0.011583
2024-04-29,GBP,USD,1.166733
2024-04-29,AED,USD,0.272135
2024-04-29,SGD,USD,0.726157
2024-04-29,USD,USD,1.0
2024-04-30,INR,USD,0.01154
2024-04-30,GBP,USD,1.172185
2024-04-30,AED,USD,0.272139
2024-04-30,SGD,USD,0.72052
2024-04-30,USD,USD,1.0
2024-05-01,INR,USD,0.011521
2024-05-01,GBP,USD,1.167285
2024-05-01,AED,USD,0.272156
2024-05-01,SGD,USD,0.720441
2024-05-01,USD,USD,1.0
2024-05-02,INR,USD,0.011563
2024-05-02,GBP,USD,1.157945
2024-05-02,AED,USD,0.272138
2024-05-02,SGD,USD,0.722635
2024-05-02,USD,USD,1.0
2024-05-03,INR,USD,0.011543
2024-05-03,GBP,USD,1.151769
2024-05-03,AED,USD,0.272129
2024-05-03,SGD,USD,0.721092
2024-05-03,USD,USD,1.0
2024-05-04,INR,USD,0.011558
2024-05-04,GBP,USD,1.158263
2024-05-04,AED,USD,0.272102
2024-05-04,SGD,USD,0.720509
2024-05-04,USD,USD,1.0
2024-05-05,INR,USD,0.011558
2024-05-05,GBP,USD,1.158729
2024-05-05,AED,USD,0.272116
2024-05-05,SGD,USD,0.720765
2024-05-05,USD,USD,1.0
2024-05-06,INR,USD,0.01154
2024-05-06,GBP,USD,1.152239
2024-05-06,AED,USD,0.272085
2024-05-06,SGD,USD,0.720019
2024-05-06,USD,USD,1.0
2024-05-07,INR,USD,0.011539
2024-05-07,GBP,USD,1.157589
2024-05-07,AED,USD,0.272078
2024-05-07,SGD,USD,0.724789
2024-05-07,USD,USD,1.0
2024-05-08,INR,USD,0.011536
2024-05-08,GBP,USD,1.154758
2024-05-08,AED,USD,0.272085
2024-05-08,SGD,USD,0.722809
2024-05-08,USD,USD,1.0
2024-05-09,INR,USD,0.011542
2024-05-09,GBP,USD,1.142794
2024-05-09,AED,USD,0.272096
2024-05-09,SGD,USD,0.722957
2024-05-09,USD,USD,1.0
2024-05-10,INR,USD,0.011547
2024-05-10,GBP,USD,1.143672
2024-05-10,AED,USD,0.272074
2024-05-10,SGD,USD,0.721129
2024-05-10,USD,USD,1.0
2024-05-11,INR,USD,0.011592
2024-05-11,GBP,USD,1.146511
2024-05-11,AED,USD,0.272064
2024-05-11,SGD,USD,0.722002
2024-05-11,USD,USD,1.0
2024-05-12,INR,USD,0.011603
2024-05-12,GBP,USD,1.157845
2024-05-12,AED,USD,0.272083
2024-05-12,SGD,USD,0.722855
2024-05-12,USD,USD,1.0
2024-05-13,INR,USD,0.011589
2024-05-13,GBP,USD,1.168285
2024-05-13,AED,USD,0.272081
2024-05-13,SGD,USD,0.721085
2024-05-13,USD,USD,1.0
2024-05-14,INR,USD,0.011552
2024-05-14,GBP,USD,1.163204
2024-05-14,AED,USD,0.272075
2024-05-14,SGD,USD,0.722663
2024-05-14,USD,USD,1.0
2024-05-15,INR,USD,0.011578
2024-05-15,GBP,USD,1.169956
2024-05-15,AED,USD,0.272078
2024-05-15,SGD,USD,0.72438
2024-05-15,USD,USD,1.0
2024-05-16,INR,USD,0.011643
2024-05-16,GBP,USD,1.175321
2024-05-16,AED,USD,0.272105
2024-05-16,SGD,USD,0.721296
2024-05-16,USD,USD,1.0
2024-05-17,INR,USD,0.011621
2024-05-17,GBP,USD,1.170865
2024-05-17,AED,USD,0.272059
2024-05-17,SGD,USD,0.721458
2024-05-17,USD,USD,1.0
2024-05-18,INR,USD,0.011661
2024-05-18,GBP,USD,1.167696
2024-05-18,AED,USD,0.272063
2024-05-18,SGD,USD,0.719725
2024-05-18,USD,USD,1.0
2024-05-19,INR,USD,0.011645
2024-05-19,GBP,USD,1.169361
2024-05-19,AED,USD,0.272042
2024-05-19,SGD,USD,0.722136
2024-05-19,USD,USD,1.0
2024-05-20,INR,USD,0.011588
2024-05-20,GBP,USD,1.171247
2024-05-20,AED,USD,0.272034
2024-05-20,SGD,USD,0.725202
2024-05-20,USD,USD,1.0
2024-05-21,INR,USD,0.01161
2024-05-21,GBP,USD,1.158995
2024-05-21,AED,USD,0.271992
2024-05-21,SGD,USD,0.723158
2024-05-21,USD,USD,1.0
2024-05-22,INR,USD,0.011594
2024-05-22,GBP,USD,1.157877
2024-05-22,AED,USD,0.271993
2024-05-22,SGD,USD,0.724551
2024-05-22,USD,USD,1.0
2024-05-23,INR,USD,0.011553
2024-05-23,GBP,USD,1.147403
2024-05-23,AED,USD,0.271997
2024-05-23,SGD,USD,0.723822
2024-05-23,USD,USD,1.0
2024-05-24,INR,USD,0.011549
2024-05-24,GBP,USD,1.143683
2024-05-24,AED,USD,0.271994
2024-05-24,SGD,USD,0.72689
2024-05-24,USD,USD,1.0
2024-05-25,INR,USD,0.011501
2024-05-25,GBP,USD,1.136627
2024-05-25,AED,USD,0.272005
2024-05-25,SGD,USD,0.730138
2024-05-25,USD,USD,1.0
2024-05-26,INR,USD,0.011495
2024-05-26,GBP,USD,1.129403
2024-05-26,AED,USD,0.271971
2024-05-26,SGD,USD,0.730689
2024-05-26,USD,USD,1.0
2024-05-27,INR,USD,0.011458
2024-05-27,GBP,USD,1.141839
2024-05-27,AED,USD,0.272011
2024-05-27,SGD,USD,0.73117
2024-05-27,USD,USD,1.0
2024-05-28,INR,USD,0.011471
2024-05-28,GBP,USD,1.141146
2024-05-28,AED,USD,0.272031
2024-05-28,SGD,USD,0.731175
2024-05-28,USD,USD,1.0
2024-05-29,INR,USD,0.011472
2024-05-29,GBP,USD,1.148982
2024-05-29,AED,USD,0.272041
2024-05-29,SGD,USD,0.735617
2024-05-29,USD,USD,1.0
2024-05-30,INR,USD,0.011424
2024-05-30,GBP,USD,1.145755
2024-05-30,AED,USD,0.272026
2024-05-30,SGD,USD,0.737386
2024-05-30,USD,USD,1.0
2024-05-31,INR,USD,0.011409
2024-05-31,GBP,USD,1.149224
2024-05-31,AED,USD,0.272006
2024-05-31,SGD,USD,0.7372
2024-05-31,USD,USD,1.0
2024-06-01,INR,USD,0.011474
2024-06-01,GBP,USD,1.158737
2024-06-01,AED,USD,0.271974
2024-06-01,SGD,USD,0.737974
2024-06-01,USD,USD,1.0
2024-06-02,INR,USD,0.011497
2024-06-02,GBP,USD,1.155844
2024-06-02,AED,USD,0.271955
2024-06-02,SGD,USD,0.739372
2024-06-02,USD,USD,1.0
2024-06-03,INR,USD,0.011499
2024-06-03,GBP,USD,1.159053
2024-06-03,AED,USD,0.271952
2024-06-03,SGD,USD,0.744286
2024-06-03,USD,USD,1.0
2024-06-04,INR,USD,0.011472
2024-06-04,GBP,USD,1.156144
2024-06-04,AED,USD,0.271961
2024-06-04,SGD,USD,0.745843
2024-06-04,USD,USD,1.0
2024-06-05,INR,USD,0.011431
2024-06-05,GBP,USD,1.163713
2024-06-05,AED,USD,0.271936
2024-06-05,SGD,USD,0.745869
2024-06-05,USD,USD,1.0
2024-06-06,INR,USD,0.011422
2024-06-06,GBP,USD,1.159556
2024-06-06,AED,USD,0.271955
2024-06-06,SGD,USD,0.740934
2024-06-06,USD,USD,1.0
2024-06-07,INR,USD,0.0114
2024-06-07,GBP,USD,1.154278
2024-06-07,AED,USD,0.27197
2024-06-07,SGD,USD,0.74421
2024-06-07,USD,USD,1.0
2024-06-08,INR,USD,0.011421
2024-06-08,GBP,USD,1.162408
2024-06-08,AED,USD,0.271932
2024-06-08,SGD,USD,0.744567
2024-06-08,USD,USD,1.0
2024-06-09,INR,USD,0.011381
2024-06-09,GBP,USD,1.160199
2024-06-09,AED,USD,0.271936
2024-06-09,SGD,USD,0.744778
2024-06-09,USD,USD,1.0
2024-06-10,INR,USD,0.011419
2024-06-10,GBP,USD,1.148673
2024-06-10,AED,USD,0.271922
2024-06-10,SGD,USD,0.741671
2024-06-10,USD,USD,1.0
2024-06-11,INR,USD,0.011371
2024-06-11,GBP,USD,1.154495
2024-06-11,AED,USD,0.271925
2024-06-11,SGD,USD,0.744962
2024-06-11,USD,USD,1.0
2024-06-12,INR,USD,0.011404
2024-06-12,GBP,USD,1.154877
2024-06-12,AED,USD,0.271909
2024-06-12,SGD,USD,0.747071
2024-06-12,USD,USD,1.0
2024-06-13,INR,USD,0.011384
2024-06-13,GBP,USD,1.147903
2024-06-13,AED,USD,0.271889
2024-06-13,SGD,USD,0.747341
2024-06-13,USD,USD,1.0
2024-06-14,INR,USD,0.011419
2024-06-14,GBP,USD,1.148193
2024-06-14,AED,USD,0.27191
2024-06-14,SGD,USD,0.747547
2024-06-14,USD,USD,1.0
2024-06-15,INR,USD,0.011406
2024-06-15,GBP,USD,1.164032
2024-06-15,AED,USD,0.271941
2024-06-15,SGD,USD,0.747976
2024-06-15,USD,USD,1.0
2024-06-16,INR,USD,0.011381
2024-06-16,GBP,USD,1.154617
2024-06-16,AED,USD,0.271948
2024-06-16,SGD,USD,0.747446
2024-06-16,USD,USD,1.0
2024-06-17,INR,USD,0.011394
2024-06-17,GBP,USD,1.156483
2024-06-17,AED,USD,0.271955
2024-06-17,SGD,USD,0.749882
2024-06-17,USD,USD,1.0
2024-06-18,INR,USD,0.011402
2024-06-18,GBP,USD,1.15226
2024-06-18,AED,USD,0.271942
2024-06-18,SGD,USD,0.751135
2024-06-18,USD,USD,1.0
2024-06-19,INR,USD,0.011371
2024-06-19,GBP,USD,1.156424
2024-06-19,AED,USD,0.271954
2024-06-19,SGD,USD,0.751053
2024-06-19,USD,USD,1.0
2024-06-20,INR,USD,0.011347
2024-06-20,GBP,USD,1.146104
2024-06-20,AED,USD,0.271935
2024-06-20,SGD,USD,0.747611
2024-06-20,USD,USD,1.0
2024-06-21,INR,USD,0.011347
2024-06-21,GBP,USD,1.143537
2024-06-21,AED,USD,0.271919
2024-06-21,SGD,USD,0.749475
2024-06-21,USD,USD,1.0
2024-06-22,INR,USD,0.01135
2024-06-22,GBP,USD,1.143797
2024-06-22,AED,USD,0.271929
2024-06-22,SGD,USD,0.751692
2024-06-22,USD,USD,1.0
2024-06-23,INR,USD,0.011304
2024-06-23,GBP,USD,1.147863
2024-06-23,AED,USD,0.271898
2024-06-23,SGD,USD,0.750013
2024-06-23,USD,USD,1.0
2024-06-24,INR,USD,0.011332
2024-06-24,GBP,USD,1.151854
2024-06-24,AED,USD,0.271909
2024-06-24,SGD,USD,0.750412
2024-06-24,USD,USD,1.0
2024-06-25,INR,USD,0.011371
2024-06-25,GBP,USD,1.14293
2024-06-25,AED,USD,0.271904
2024-06-25,SGD,USD,0.750525
2024-06-25,USD,USD,1.0
2024-06-26,INR,USD,0.011429
2024-06-26,GBP,USD,1.148844
2024-06-26,AED,USD,0.271922
2024-06-26,SGD,USD,0.748918
2024-06-26,USD,USD,1.0
2024-06-27,INR,USD,0.011493
2024-06-27,GBP,USD,1.151564
2024-06-27,AED,USD,0.271905
2024-06-27,SGD,USD,0.753926
2024-06-27,USD,USD,1.0
2024-06-28,INR,USD,0.011451
2024-06-28,GBP,USD,1.146519
2024-06-28,AED,USD,0.271901
2024-06-28,SGD,USD,0.751846
2024-06-28,USD,USD,1.0
2024-06-29,INR,USD,0.011465
2024-06-29,GBP,USD,1.148105
2024-06-29,AED,USD,0.271903
2024-06-29,SGD,USD,0.755905
2024-06-29,USD,USD,1.0
2024-06-30,INR,USD,0.011417
2024-06-30,GBP,USD,1.156023
2024-06-30,AED,USD,0.271889
2024-06-30,SGD,USD,0.759056
2024-06-30,USD,USD,1.0
2024-07-01,INR,USD,0.011471
2024-07-01,GBP,USD,1.169495
2024-07-01,AED,USD,0.271885
2024-07-01,SGD,USD,0.756569
2024-07-01,USD,USD,1.0
2024-07-02,INR,USD,0.01148
2024-07-02,GBP,USD,1.169165
2024-07-02,AED,USD,0.271855
2024-07-02,SGD,USD,0.75816
2024-07-02,USD,USD,1.0
2024-07-03,INR,USD,0.011452
2024-07-03,GBP,USD,1.177678
2024-07-03,AED,USD,0.271872
2024-07-03,SGD,USD,0.757568
2024-07-03,USD,USD,1.0
2024-07-04,INR,USD,0.011453
2024-07-04,GBP,USD,1.176224
2024-07-04,AED,USD,0.271864
2024-07-04,SGD,USD,0.764263
2024-07-04,USD,USD,1.0
2024-07-05,INR,USD,0.011425
2024-07-05,GBP,USD,1.176537
2024-07-05,AED,USD,0.271881
2024-07-05,SGD,USD,0.763443
2024-07-05,USD,USD,1.0
2024-07-06,INR,USD,0.011406
2024-07-06,GBP,USD,1.168668
2024-07-06,AED,USD,0.271901
2024-07-06,SGD,USD,0.764997
2024-07-06,USD,USD,1.0
2024-07-07,INR,USD,0.011418
2024-07-07,GBP,USD,1.159801
2024-07-07,AED,USD,0.27191
2024-07-07,SGD,USD,0.765629
2024-07-07,USD,USD,1.0
2024-07-08,INR,USD,0.011408
2024-07-08,GBP,USD,1.151767
2024-07-08,AED,USD,0.271909
2024-07-08,SGD,USD,0.763753
2024-07-08,USD,USD,1.0
2024-07-09,INR,USD,0.011409
2024-07-09,GBP,USD,1.15212
2024-07-09,AED,USD,0.271903
2024-07-09,SGD,USD,0.765677
2024-07-09,USD,USD,1.0
2024-07-10,INR,USD,0.011407
2024-07-10,GBP,USD,1.155182
2024-07-10,AED,USD,0.27191
2024-07-10,SGD,USD,0.767881
2024-07-10,USD,USD,1.0
2024-07-11,INR,USD,0.011378
2024-07-11,GBP,USD,1.153159
2024-07-11,AED,USD,0.271926
2024-07-11,SGD,USD,0.768227
2024-07-11,USD,USD,1.0
2024-07-12,INR,USD,0.011409
2024-07-12,GBP,USD,1.157483
2024-07-12,AED,USD,0.271918
2024-07-12,SGD,USD,0.770159
2024-07-12,USD,USD,1.0
2024-07-13,INR,USD,0.011401
2024-07-13,GBP,USD,1.163062
2024-07-13,AED,USD,0.27195
2024-07-13,SGD,USD,0.772558
2024-07-13,USD,USD,1.0
2024-07-14,INR,USD,0.011466
2024-07-14,GBP,USD,1.153988
2024-07-14,AED,USD,0.271941
2024-07-14,SGD,USD,0.771987
2024-07-14,USD,USD,1.0
2024-07-15,INR,USD,0.011454
2024-07-15,GBP,USD,1.156142
2024-07-15,AED,USD,0.271934
2024-07-15,SGD,USD,0.774424
2024-07-15,USD,USD,1.0
2024-07-16,INR,USD,0.011482
2024-07-16,GBP,USD,1.158539
2024-07-16,AED,USD,0.271917
2024-07-16,SGD,USD,0.775639
2024-07-16,USD,USD,1.0
2024-07-17,INR,USD,0.0115
2024-07-17,GBP,USD,1.160592
2024-07-17,AED,USD,0.271918
2024-07-17,SGD,USD,0.778736
2024-07-17,USD,USD,1.0
2024-07-18,INR,USD,0.011483
2024-07-18,GBP,USD,1.158434
2024-07-18,AED,USD,0.271929
2024-07-18,SGD,USD,0.779921
2024-07-18,USD,USD,1.0
2024-07-19,INR,USD,0.011507
2024-07-19,GBP,USD,1.156763
2024-07-19,AED,USD,0.271906
2024-07-19,SGD,USD,0.777202
2024-07-19,USD,USD,1.0
2024-07-20,INR,USD,0.011494
2024-07-20,GBP,USD,1.161377
2024-07-20,AED,USD,0.27192
2024-07-20,SGD,USD,0.773224
2024-07-20,USD,USD,1.0
2024-07-21,INR,USD,0.011509
2024-07-21,GBP,USD,1.160852
2024-07-21,AED,USD,0.271902
2024-07-21,SGD,USD,0.778053
2024-07-21,USD,USD,1.0
2024-07-22,INR,USD,0.011515
2024-07-22,GBP,USD,1.165687
2024-07-22,AED,USD,0.271946
2024-07-22,SGD,USD,0.776785
2024-07-22,USD,USD,1.0
2024-07-23,INR,USD,0.011503
2024-07-23,GBP,USD,1.174453
2024-07-23,AED,USD,0.271924
2024-07-23,SGD,USD,0.77696
2024-07-23,USD,USD,1.0
2024-07-24,INR,USD,0.011503
2024-07-24,GBP,USD,1.180194
2024-07-24,AED,USD,0.271931
2024-07-24,SGD,USD,0.774963
2024-07-24,USD,USD,1.0
2024-07-25,INR,USD,0.011531
2024-07-25,GBP,USD,1.185216
2024-07-25,AED,USD,0.271913
2024-07-25,SGD,USD,0.773466
2024-07-25,USD,USD,1.0
2024-07-26,INR,USD,0.011515
2024-07-26,GBP,USD,1.178356
2024-07-26,AED,USD,0.271931
2024-07-26,SGD,USD,0.772769
2024-07-26,USD,USD,1.0
2024-07-27,INR,USD,0.011506
2024-07-27,GBP,USD,1.172195
2024-07-27,AED,USD,0.271924
2024-07-27,SGD,USD,0.776041
2024-07-27,USD,USD,1.0
2024-07-28,INR,USD,0.011527
2024-07-28,GBP,USD,1.162664
2024-07-28,AED,USD,0.271907
2024-07-28,SGD,USD,0.777453
2024-07-28,USD,USD,1.0
2024-07-29,INR,USD,0.011511
2024-07-29,GBP,USD,1.159413
2024-07-29,AED,USD,0.271893
2024-07-29,SGD,USD,0.774537
2024-07-29,USD,USD,1.0
2024-07-30,INR,USD,0.011513
2024-07-30,GBP,USD,1.157178
2024-07-30,AED,USD,0.271912
2024-07-30,SGD,USD,0.774403
2024-07-30,USD,USD,1.0
2024-07-31,INR,USD,0.011484
2024-07-31,GBP,USD,1.161217
2024-07-31,AED,USD,0.271935
2024-07-31,SGD,USD,0.772801
2024-07-31,USD,USD,1.0
2024-08-01,INR,USD,0.011434
2024-08-01,GBP,USD,1.158402
2024-08-01,AED,USD,0.271912
2024-08-01,SGD,USD,0.776418
2024-08-01,USD,USD,1.0
2024-08-02,INR,USD,0.011394
2024-08-02,GBP,USD,1.156476
2024-08-02,AED,USD,0.271937
2024-08-02,SGD,USD,0.778351
2024-08-02,USD,USD,1.0
2024-08-03,INR,USD,0.011378
2024-08-03,GBP,USD,1.151907
2024-08-03,AED,USD,0.271934
2024-08-03,SGD,USD,0.777833
2024-08-03,USD,USD,1.0
2024-08-04,INR,USD,0.01142
2024-08-04,GBP,USD,1.150995
2024-08-04,AED,USD,0.271911
2024-08-04,SGD,USD,0.780022
2024-08-04,USD,USD,1.0
2024-08-05,INR,USD,0.011449
2024-08-05,GBP,USD,1.149665
2024-08-05,AED,USD,0.271924
2024-08-05,SGD,USD,0.780148
2024-08-05,USD,USD,1.0
2024-08-06,INR,USD,0.011414
2024-08-06,GBP,USD,1.149181
2024-08-06,AED,USD,0.271905
2024-08-06,SGD,USD,0.778759
2024-08-06,USD,USD,1.0
2024-08-07,INR,USD,0.011386
2024-08-07,GBP,USD,1.151096
2024-08-07,AED,USD,0.271908
2024-08-07,SGD,USD,0.775863
2024-08-07,USD,USD,1.0
2024-08-08,INR,USD,0.011359
2024-08-08,GBP,USD,1.151065
2024-08-08,AED,USD,0.271916
2024-08-08,SGD,USD,0.776035
2024-08-08,USD,USD,1.0
2024-08-09,INR,USD,0.011295
2024-08-09,GBP,USD,1.15854
2024-08-09,AED,USD,0.271946
2024-08-09,SGD,USD,0.779539
2024-08-09,USD,USD,1.0
2024-08-10,INR,USD,0.011309
2024-08-10,GBP,USD,1.162455
2024-08-10,AED,USD,0.271935
2024-08-10,SGD,USD,0.779968
2024-08-10,USD,USD,1.0
2024-08-11,INR,USD,0.011276
2024-08-11,GBP,USD,1.163154
2024-08-11,AED,USD,0.27191
2024-08-11,SGD,USD,0.781275
2024-08-11,USD,USD,1.0
2024-08-12,INR,USD,0.011265
2024-08-12,GBP,USD,1.167644
2024-08-12,AED,USD,0.271914
2024-08-12,SGD,USD,0.78027
2024-08-12,USD,USD,1.0
2024-08-13,INR,USD,0.011289
2024-08-13,GBP,USD,1.160745
2024-08-13,AED,USD,0.271909
2024-08-13,SGD,USD,0.779095
2024-08-13,USD,USD,1.0
2024-08-14,INR,USD,0.011309
2024-08-14,GBP,USD,1.160289
2024-08-14,AED,USD,0.271914
2024-08-14,SGD,USD,0.780268
2024-08-14,USD,USD,1.0
2024-08-15,INR,USD,0.011241
2024-08-15,GBP,USD,1.15487
2024-08-15,AED,USD,0.271916
2024-08-15,SGD,USD,0.782524
2024-08-15,USD,USD,1.0
2024-08-16,INR,USD,0.011257
2024-08-16,GBP,USD,1.162509
2024-08-16,AED,USD,0.271912
2024-08-16,SGD,USD,0.782759
2024-08-16,USD,USD,1.0
2024-08-17,INR,USD,0.011242
2024-08-17,GBP,USD,1.159945
2024-08-17,AED,USD,0.271898
2024-08-17,SGD,USD,0.781567
2024-08-17,USD,USD,1.0
2024-08-18,INR,USD,0.011236
2024-08-18,GBP,USD,1.156128
2024-08-18,AED,USD,0.271898
2024-08-18,SGD,USD,0.777561
2024-08-18,USD,USD,1.0
2024-08-19,INR,USD,0.011247
2024-08-19,GBP,USD,1.157148
2024-08-19,AED,USD,0.271906
2024-08-19,SGD,USD,0.776552
2024-08-19,USD,USD,1.0
2024-08-20,INR,USD,0.011232
2024-08-20,GBP,USD,1.162876
2024-08-20,AED,USD,0.271903
2024-08-20,SGD,USD,0.78095
2024-08-20,USD,USD,1.0
2024-08-21,INR,USD,0.011191
2024-08-21,GBP,USD,1.161412
2024-08-21,AED,USD,0.271884
2024-08-21,SGD,USD,0.779222
2024-08-21,USD,USD,1.0
2024-08-22,INR,USD,0.011168
2024-08-22,GBP,USD,1.158587
2024-08-22,AED,USD,0.271897
2024-08-22,SGD,USD,0.776712
2024-08-22,USD,USD,1.0
2024-08-23,INR,USD,0.011184
2024-08-23,GBP,USD,1.15019
2024-08-23,AED,USD,0.27189
2024-08-23,SGD,USD,0.779635
2024-08-23,USD,USD,1.0
2024-08-24,INR,USD,0.011196
2024-08-24,GBP,USD,1.151755
2024-08-24,AED,USD,0.271901
2024-08-24,SGD,USD,0.780922
2024-08-24,USD,USD,1.0
2024-08-25,INR,USD,0.011213
2024-08-25,GBP,USD,1.159916
2024-08-25,AED,USD,0.271883
2024-08-25,SGD,USD,0.780778
2024-08-25,USD,USD,1.0
2024-08-26,INR,USD,0.011231
2024-08-26,GBP,USD,1.164292
2024-08-26,AED,USD,0.271893
2024-08-26,SGD,USD,0.783687
2024-08-26,USD,USD,1.0
2024-08-27,INR,USD,0.011216
2024-08-27,GBP,USD,1.156385
2024-08-27,AED,USD,0.271915
2024-08-27,SGD,USD,0.783698
2024-08-27,USD,USD,1.0
2024-08-28,INR,USD,0.011199
2024-08-28,GBP,USD,1.156578
2024-08-28,AED,USD,0.271907
2024-08-28,SGD,USD,0.785949
2024-08-28,USD,USD,1.0
2024-08-29,INR,USD,0.011224
2024-08-29,GBP,USD,1.158382
2024-08-29,AED,USD,0.271916
2024-08-29,SGD,USD,0.786034
2024-08-29,USD,USD,1.0
2024-08-30,INR,USD,0.011252
2024-08-30,GBP,USD,1.144653
2024-08-30,AED,USD,0.271896
2024-08-30,SGD,USD,0.785957
2024-08-30,USD,USD,1.0
2024-08-31,INR,USD,0.011239
2024-08-31,GBP,USD,1.139168
2024-08-31,AED,USD,0.271907
2024-08-31,SGD,USD,0.783793
2024-08-31,USD,USD,1.0
2024-09-01,INR,USD,0.011245
2024-09-01,GBP,USD,1.139868
2024-09-01,AED,USD,0.271908
2024-09-01,SGD,USD,0.781965
2024-09-01,USD,USD,1.0
2024-09-02,INR,USD,0.011238
2024-09-02,GBP,USD,1.146923
2024-09-02,AED,USD,0.271917
2024-09-02,SGD,USD,0.784115
2024-09-02,USD,USD,1.0
2024-09-03,INR,USD,0.011235
2024-09-03,GBP,USD,1.137112
2024-09-03,AED,USD,0.271909
2024-09-03,SGD,USD,0.783792
2024-09-03,USD,USD,1.0
2024-09-04,INR,USD,0.011271
2024-09-04,GBP,USD,1.143625
2024-09-04,AED,USD,0.271917
2024-09-04,SGD,USD,0.781904
2024-09-04,USD,USD,1.0
2024-09-05,INR,USD,0.011274
2024-09-05,GBP,USD,1.142103
2024-09-05,AED,USD,0.271912
2024-09-05,SGD,USD,0.779187
2024-09-05,USD,USD,1.0
2024-09-06,INR,USD,0.011286
2024-09-06,GBP,USD,1.141917
2024-09-06,AED,USD,0.271926
2024-09-06,SGD,USD,0.775977
2024-09-06,USD,USD,1.0
2024-09-07,INR,USD,0.011253
2024-09-07,GBP,USD,1.16308
2024-09-07,AED,USD,0.271911
2024-09-07,SGD,USD,0.776623
2024-09-07,USD,USD,1.0
2024-09-08,INR,USD,0.011265
2024-09-08,GBP,USD,1.157322
2024-09-08,AED,USD,0.271941
2024-09-08,SGD,USD,0.77649
2024-09-08,USD,USD,1.0
2024-09-09,INR,USD,0.011268
2024-09-09,GBP,USD,1.167962
2024-09-09,AED,USD,0.271927
2024-09-09,SGD,USD,0.77543
2024-09-09,USD,USD,1.0
2024-09-10,INR,USD,0.011258
2024-09-10,GBP,USD,1.159895
2024-09-10,AED,USD,0.271932
2024-09-10,SGD,USD,0.776483
2024-09-10,USD,USD,1.0
2024-09-11,INR,USD,0.011262
2024-09-11,GBP,USD,1.16372
2024-09-11,AED,USD,0.271947
2024-09-11,SGD,USD,0.777241
2024-09-11,USD,USD,1.0
2024-09-12,INR,USD,0.011254
2024-09-12,GBP,USD,1.170885
2024-09-12,AED,USD,0.271935
2024-09-12,SGD,USD,0.780336
2024-09-12,USD,USD,1.0
2024-09-13,INR,USD,0.011248
2024-09-13,GBP,USD,1.175392
2024-09-13,AED,USD,0.271966
2024-09-13,SGD,USD,0.775355
2024-09-13,USD,USD,1.0
2024-09-14,INR,USD,0.011242
2024-09-14,GBP,USD,1.172986
2024-09-14,AED,USD,0.271995
2024-09-14,SGD,USD,0.774473
2024-09-14,USD,USD,1.0
2024-09-15,INR,USD,0.011319
2024-09-15,GBP,USD,1.163974
2024-09-15,AED,USD,0.272001
2024-09-15,SGD,USD,0.773638
2024-09-15,USD,USD,1.0
2024-09-16,INR,USD,0.011332
2024-09-16,GBP,USD,1.160649
2024-09-16,AED,USD,0.271994
2024-09-16,SGD,USD,0.769663
2024-09-16,USD,USD,1.0
2024-09-17,INR,USD,0.011334
2024-09-17,GBP,USD,1.151906
2024-09-17,AED,USD,0.271971
2024-09-17,SGD,USD,0.769864
2024-09-17,USD,USD,1.0
2024-09-18,INR,USD,0.01133
2024-09-18,GBP,USD,1.157869
2024-09-18,AED,USD,0.271948
2024-09-18,SGD,USD,0.770796
2024-09-18,USD,USD,1.0
2024-09-19,INR,USD,0.011338
2024-09-19,GBP,USD,1.156091
2024-09-19,AED,USD,0.271934
2024-09-19,SGD,USD,0.770635
2024-09-19,USD,USD,1.0
2024-09-20,INR,USD,0.011363
2024-09-20,GBP,USD,1.153901
2024-09-20,AED,USD,0.271949
2024-09-20,SGD,USD,0.77005
2024-09-20,USD,USD,1.0
2024-09-21,INR,USD,0.011412
2024-09-21,GBP,USD,1.154043
2024-09-21,AED,USD,0.271946
2024-09-21,SGD,USD,0.766554
2024-09-21,USD,USD,1.0
2024-09-22,INR,USD,0.01137
2024-09-22,GBP,USD,1.156247
2024-09-22,AED,USD,0.271942
2024-09-22,SGD,USD,0.767177
2024-09-22,USD,USD,1.0
2024-09-23,INR,USD,0.011349
2024-09-23,GBP,USD,1.155357
2024-09-23,AED,USD,0.271931
2024-09-23,SGD,USD,0.767831
2024-09-23,USD,USD,1.0
2024-09-24,INR,USD,0.011342
2024-09-24,GBP,USD,1.16625
2024-09-24,AED,USD,0.271919
2024-09-24,SGD,USD,0.770283
2024-09-24,USD,USD,1.0
2024-09-25,INR,USD,0.011311
2024-09-25,GBP,USD,1.163503
2024-09-25,AED,USD,0.271905
2024-09-25,SGD,USD,0.77305
2024-09-25,USD,USD,1.0
2024-09-26,INR,USD,0.011323
2024-09-26,GBP,USD,1.164293
2024-09-26,AED,USD,0.271909
2024-09-26,SGD,USD,0.77069
2024-09-26,USD,USD,1.0
2024-09-27,INR,USD,0.011362
2024-09-27,GBP,USD,1.17246
2024-09-27,AED,USD,0.271908
2024-09-27,SGD,USD,0.770731
2024-09-27,USD,USD,1.0
2024-09-28,INR,USD,0.01138
2024-09-28,GBP,USD,1.17141
2024-09-28,AED,USD,0.271905
2024-09-28,SGD,USD,0.769667
2024-09-28,USD,USD,1.0
2024-09-29,INR,USD,0.011369
2024-09-29,GBP,USD,1.168588
2024-09-29,AED,USD,0.271917
2024-09-29,SGD,USD,0.768964
2024-09-29,USD,USD,1.0
2024-09-30,INR,USD,0.011356
2024-09-30,GBP,USD,1.164888
2024-09-30,AED,USD,0.271892
2024-09-30,SGD,USD,0.772384
2024-09-30,USD,USD,1.0
2024-10-01,INR,USD,0.01137
2024-10-01,GBP,USD,1.169971
2024-10-01,AED,USD,0.271883
2024-10-01,SGD,USD,0.775594
2024-10-01,USD,USD,1.0
2024-10-02,INR,USD,0.011373
2024-10-02,GBP,USD,1.178552
2024-10-02,AED,USD,0.271882
2024-10-02,SGD,USD,0.775508
2024-10-02,USD,USD,1.0
2024-10-03,INR,USD,0.011357
2024-10-03,GBP,USD,1.178997
2024-10-03,AED,USD,0.271886
2024-10-03,SGD,USD,0.778808
2024-10-03,USD,USD,1.0
2024-10-04,INR,USD,0.0114
2024-10-04,GBP,USD,1.179517
2024-10-04,AED,USD,0.271907
2024-10-04,SGD,USD,0.772844
2024-10-04,USD,USD,1.0
2024-10-05,INR,USD,0.011386
2024-10-05,GBP,USD,1.180987
2024-10-05,AED,USD,0.271922
2024-10-05,SGD,USD,0.773784
2024-10-05,USD,USD,1.0
2024-10-06,INR,USD,0.011384
2024-10-06,GBP,USD,1.178229
2024-10-06,AED,USD,0.271909
2024-10-06,SGD,USD,0.777979
2024-10-06,USD,USD,1.0
2024-10-07,INR,USD,0.011415
2024-10-07,GBP,USD,1.186005
2024-10-07,AED,USD,0.271909
2024-10-07,SGD,USD,0.776814
2024-10-07,USD,USD,1.0
2024-10-08,INR,USD,0.01143
2024-10-08,GBP,USD,1.185842
2024-10-08,AED,USD,0.271907
2024-10-08,SGD,USD,0.776771
2024-10-08,USD,USD,1.0
2024-10-09,INR,USD,0.011411
2024-10-09,GBP,USD,1.180631
2024-10-09,AED,USD,0.271902
2024-10-09,SGD,USD,0.773739
2024-10-09,USD,USD,1.0
2024-10-10,INR,USD,0.011427
2024-10-10,GBP,USD,1.185616
2024-10-10,AED,USD,0.271889
2024-10-10,SGD,USD,0.769753
2024-10-10,USD,USD,1.0
2024-10-11,INR,USD,0.011438
2024-10-11,GBP,USD,1.187026
2024-10-11,AED,USD,0.27189
2024-10-11,SGD,USD,0.766859
2024-10-11,USD,USD,1.0
2024-10-12,INR,USD,0.011382
2024-10-12,GBP,USD,1.197294
2024-10-12,AED,USD,0.271886
2024-10-12,SGD,USD,0.767968
2024-10-12,USD,USD,1.0
2024-10-13,INR,USD,0.011379
2024-10-13,GBP,USD,1.199777
2024-10-13,AED,USD,0.271864
2024-10-13,SGD,USD,0.767011
2024-10-13,USD,USD,1.0
2024-10-14,INR,USD,0.011339
2024-10-14,GBP,USD,1.193206
2024-10-14,AED,USD,0.271852
2024-10-14,SGD,USD,0.763105
2024-10-14,USD,USD,1.0
2024-10-15,INR,USD,0.011325
2024-10-15,GBP,USD,1.188924
2024-10-15,AED,USD,0.271832
2024-10-15,SGD,USD,0.76283
2024-10-15,USD,USD,1.0
2024-10-16,INR,USD,0.011324
2024-10-16,GBP,USD,1.183905
2024-10-16,AED,USD,0.271866
2024-10-16,SGD,USD,0.764397
2024-10-16,USD,USD,1.0
2024-10-17,INR,USD,0.011355
2024-10-17,GBP,USD,1.181932
2024-10-17,AED,USD,0.271881
2024-10-17,SGD,USD,0.766069
2024-10-17,USD,USD,1.0
2024-10-18,INR,USD,0.011325
2024-10-18,GBP,USD,1.177861
2024-10-18,AED,USD,0.271931
2024-10-18,SGD,USD,0.765189
2024-10-18,USD,USD,1.0
2024-10-19,INR,USD,0.011338
2024-10-19,GBP,USD,1.176573
2024-10-19,AED,USD,0.271946
2024-10-19,SGD,USD,0.763047
2024-10-19,USD,USD,1.0
2024-10-20,INR,USD,0.011309
2024-10-20,GBP,USD,1.183303
2024-10-20,AED,USD,0.271949
2024-10-20,SGD,USD,0.757718
2024-10-20,USD,USD,1.0
2024-10-21,INR,USD,0.011309
2024-10-21,GBP,USD,1.182203
2024-10-21,AED,USD,0.271961
2024-10-21,SGD,USD,0.75842
2024-10-21,USD,USD,1.0
2024-10-22,INR,USD,0.011318
2024-10-22,GBP,USD,1.182709
2024-10-22,AED,USD,0.271966
2024-10-22,SGD,USD,0.755958
2024-10-22,USD,USD,1.0
2024-10-23,INR,USD,0.011294
2024-10-23,GBP,USD,1.177625
2024-10-23,AED,USD,0.271943
2024-10-23,SGD,USD,0.757661
2024-10-23,USD,USD,1.0
2024-10-24,INR,USD,0.011323
2024-10-24,GBP,USD,1.18126
2024-10-24,AED,USD,0.271933
2024-10-24,SGD,USD,0.756521
2024-10-24,USD,USD,1.0
2024-10-25,INR,USD,0.01131
2024-10-25,GBP,USD,1.187888
2024-10-25,AED,USD,0.271942
2024-10-25,SGD,USD,0.760271
2024-10-25,USD,USD,1.0
2024-10-26,INR,USD,0.011282
2024-10-26,GBP,USD,1.186523
2024-10-26,AED,USD,0.27192
2024-10-26,SGD,USD,0.757235
2024-10-26,USD,USD,1.0
2024-10-27,INR,USD,0.011276
2024-10-27,GBP,USD,1.184502
2024-10-27,AED,USD,0.271911
2024-10-27,SGD,USD,0.753959
2024-10-27,USD,USD,1.0
2024-10-28,INR,USD,0.011281
2024-10-28,GBP,USD,1.182794
2024-10-28,AED,USD,0.271927
2024-10-28,SGD,USD,0.755149
2024-10-28,USD,USD,1.0
2024-10-29,INR,USD,0.011243
2024-10-29,GBP,USD,1.18514
2024-10-29,AED,USD,0.271917
2024-10-29,SGD,USD,0.758448
2024-10-29,USD,USD,1.0
2024-10-30,INR,USD,0.011241
2024-10-30,GBP,USD,1.182122
2024-10-30,AED,USD,0.27191
2024-10-30,SGD,USD,0.75524
2024-10-30,USD,USD,1.0
2024-10-31,INR,USD,0.011277
2024-10-31,GBP,USD,1.1948
2024-10-31,AED,USD,0.27188
2024-10-31,SGD,USD,0.754713
2024-10-31,USD,USD,1.0
2024-11-01,INR,USD,0.011273
2024-11-01,GBP,USD,1.191212
2024-11-01,AED,USD,0.271901
2024-11-01,SGD,USD,0.757399
2024-11-01,USD,USD,1.0
2024-11-02,INR,USD,0.011265
2024-11-02,GBP,USD,1.203696
2024-11-02,AED,USD,0.271902
2024-11-02,SGD,USD,0.756892
2024-11-02,USD,USD,1.0
2024-11-03,INR,USD,0.011272
2024-11-03,GBP,USD,1.199164
2024-11-03,AED,USD,0.271927
2024-11-03,SGD,USD,0.758228
2024-11-03,USD,USD,1.0
2024-11-04,INR,USD,0.011261
2024-11-04,GBP,USD,1.198028
2024-11-04,AED,USD,0.271911
2024-11-04,SGD,USD,0.758804
2024-11-04,USD,USD,1.0
2024-11-05,INR,USD,0.011224
2024-11-05,GBP,USD,1.198032
2024-11-05,AED,USD,0.271902
2024-11-05,SGD,USD,0.760037
2024-11-05,USD,USD,1.0
2024-11-06,INR,USD,0.011252
2024-11-06,GBP,USD,1.202777
2024-11-06,AED,USD,0.2719
2024-11-06,SGD,USD,0.758522
2024-11-06,USD,USD,1.0
2024-11-07,INR,USD,0.011243
2024-11-07,GBP,USD,1.202661
2024-11-07,AED,USD,0.271908
2024-11-07,SGD,USD,0.757313
2024-11-07,USD,USD,1.0
2024-11-08,INR,USD,0.011215
2024-11-08,GBP,USD,1.203697
2024-11-08,AED,USD,0.271932
2024-11-08,SGD,USD,0.761355
2024-11-08,USD,USD,1.0
2024-11-09,INR,USD,0.011236
2024-11-09,GBP,USD,1.19769
2024-11-09,AED,USD,0.271956
2024-11-09,SGD,USD,0.759544
2024-11-09,USD,USD,1.0
2024-11-10,INR,USD,0.011214
2024-11-10,GBP,USD,1.200258
2024-11-10,AED,USD,0.271932
2024-11-10,SGD,USD,0.761284
2024-11-10,USD,USD,1.0
2024-11-11,INR,USD,0.011211
2024-11-11,GBP,USD,1.20266
2024-11-11,AED,USD,0.271918
2024-11-11,SGD,USD,0.763125
2024-11-11,USD,USD,1.0
2024-11-12,INR,USD,0.011225
2024-11-12,GBP,USD,1.200445
2024-11-12,AED,USD,0.271934
2024-11-12,SGD,USD,0.757404
2024-11-12,USD,USD,1.0
2024-11-13,INR,USD,0.011234
2024-11-13,GBP,USD,1.199779
2024-11-13,AED,USD,0.271921
2024-11-13,SGD,USD,0.757797
2024-11-13,USD,USD,1.0
2024-11-14,INR,USD,0.011248
2024-11-14,GBP,USD,1.195316
2024-11-14,AED,USD,0.271919
2024-11-14,SGD,USD,0.75772
2024-11-14,USD,USD,1.0
2024-11-15,INR,USD,0.011258
2024-11-15,GBP,USD,1.202714
2024-11-15,AED,USD,0.271911
2024-11-15,SGD,USD,0.760566
2024-11-15,USD,USD,1.0
2024-11-16,INR,USD,0.01122
2024-11-16,GBP,USD,1.204523
2024-11-16,AED,USD,0.271881
2024-11-16,SGD,USD,0.760732
2024-11-16,USD,USD,1.0
2024-11-17,INR,USD,0.01124
2024-11-17,GBP,USD,1.21685
2024-11-17,AED,USD,0.271882
2024-11-17,SGD,USD,0.759132
2024-11-17,USD,USD,1.0
2024-11-18,INR,USD,0.011268
2024-11-18,GBP,USD,1.217087
2024-11-18,AED,USD,0.271884
2024-11-18,SGD,USD,0.76112
2024-11-18,USD,USD,1.0
2024-11-19,INR,USD,0.011298
2024-11-19,GBP,USD,1.206494
2024-11-19,AED,USD,0.271885
2024-11-19,SGD,USD,0.761097
2024-11-19,USD,USD,1.0
2024-11-20,INR,USD,0.011267
2024-11-20,GBP,USD,1.196645
2024-11-20,AED,USD,0.271883
2024-11-20,SGD,USD,0.760109
2024-11-20,USD,USD,1.0
2024-11-21,INR,USD,0.011246
2024-11-21,GBP,USD,1.195802
2024-11-21,AED,USD,0.271877
2024-11-21,SGD,USD,0.760159
2024-11-21,USD,USD,1.0
2024-11-22,INR,USD,0.01129
2024-11-22,GBP,USD,1.195605
2024-11-22,AED,USD,0.27191
2024-11-22,SGD,USD,0.762857
2024-11-22,USD,USD,1.0
2024-11-23,INR,USD,0.011316
2024-11-23,GBP,USD,1.191209
2024-11-23,AED,USD,0.271905
2024-11-23,SGD,USD,0.760883
2024-11-23,USD,USD,1.0
2024-11-24,INR,USD,0.011327
2024-11-24,GBP,USD,1.190791
2024-11-24,AED,USD,0.271912
2024-11-24,SGD,USD,0.761547
2024-11-24,USD,USD,1.0
2024-11-25,INR,USD,0.011331
2024-11-25,GBP,USD,1.188636
2024-11-25,AED,USD,0.271896
2024-11-25,SGD,USD,0.760607
2024-11-25,USD,USD,1.0
2024-11-26,INR,USD,0.011351
2024-11-26,GBP,USD,1.18764
2024-11-26,AED,USD,0.271894
2024-11-26,SGD,USD,0.762492
2024-11-26,USD,USD,1.0
2024-11-27,INR,USD,0.011364
2024-11-27,GBP,USD,1.178831
2024-11-27,AED,USD,0.271893
2024-11-27,SGD,USD,0.760623
2024-11-27,USD,USD,1.0
2024-11-28,INR,USD,0.011362
2024-11-28,GBP,USD,1.181136
2024-11-28,AED,USD,0.271902
2024-11-28,SGD,USD,0.764231
2024-11-28,USD,USD,1.0
2024-11-29,INR,USD,0.011347
2024-11-29,GBP,USD,1.179367
2024-11-29,AED,USD,0.271912
2024-11-29,SGD,USD,0.76633
2024-11-29,USD,USD,1.0
2024-11-30,INR,USD,0.011316
2024-11-30,GBP,USD,1.183441
2024-11-30,AED,USD,0.271923
2024-11-30,SGD,USD,0.766016
2024-11-30,USD,USD,1.0
2024-12-01,INR,USD,0.011307
2024-12-01,GBP,USD,1.187803
2024-12-01,AED,USD,0.27193
2024-12-01,SGD,USD,0.766898
2024-12-01,USD,USD,1.0
2024-12-02,INR,USD,0.011286
2024-12-02,GBP,USD,1.177523
2024-12-02,AED,USD,0.271929
2024-12-02,SGD,USD,0.766321
2024-12-02,USD,USD,1.0
2024-12-03,INR,USD,0.011298
2024-12-03,GBP,USD,1.17298
2024-12-03,AED,USD,0.27194
2024-12-03,SGD,USD,0.767224
2024-12-03,USD,USD,1.0
2024-12-04,INR,USD,0.011276
2024-12-04,GBP,USD,1.178565
2024-12-04,AED,USD,0.271934
2024-12-04,SGD,USD,0.765723
2024-12-04,USD,USD,1.0
2024-12-05,INR,USD,0.011282
2024-12-05,GBP,USD,1.178462
2024-12-05,AED,USD,0.271918
2024-12-05,SGD,USD,0.767082
2024-12-05,USD,USD,1.0
2024-12-06,INR,USD,0.011281
2024-12-06,GBP,USD,1.173953
2024-12-06,AED,USD,0.271888
2024-12-06,SGD,USD,0.768022
2024-12-06,USD,USD,1.0
2024-12-07,INR,USD,0.011283
2024-12-07,GBP,USD,1.174645
2024-12-07,AED,USD,0.271912
2024-12-07,SGD,USD,0.762631
2024-12-07,USD,USD,1.0
2024-12-08,INR,USD,0.011318
2024-12-08,GBP,USD,1.182731
2024-12-08,AED,USD,0.271895
2024-12-08,SGD,USD,0.76484
2024-12-08,USD,USD,1.0
2024-12-09,INR,USD,0.011294
2024-12-09,GBP,USD,1.176518
2024-12-09,AED,USD,0.271893
2024-12-09,SGD,USD,0.768825
2024-12-09,USD,USD,1.0
2024-12-10,INR,USD,0.011304
2024-12-10,GBP,USD,1.176799
2024-12-10,AED,USD,0.271908
2024-12-10,SGD,USD,0.767481
2024-12-10,USD,USD,1.0
2024-12-11,INR,USD,0.011346
2024-12-11,GBP,USD,1.186136
2024-12-11,AED,USD,0.271916
2024-12-11,SGD,USD,0.76578
2024-12-11,USD,USD,1.0
2024-12-12,INR,USD,0.011376
2024-12-12,GBP,USD,1.187883
2024-12-12,AED,USD,0.271927
2024-12-12,SGD,USD,0.768264
2024-12-12,USD,USD,1.0
2024-12-13,INR,USD,0.011387
2024-12-13,GBP,USD,1.182478
2024-12-13,AED,USD,0.271952
2024-12-13,SGD,USD,0.768884
2024-12-13,USD,USD,1.0
2024-12-14,INR,USD,0.011396
2024-12-14,GBP,USD,1.186134
2024-12-14,AED,USD,0.271958
2024-12-14,SGD,USD,0.770528
2024-12-14,USD,USD,1.0
2024-12-15,INR,USD,0.011401
2024-12-15,GBP,USD,1.185058
2024-12-15,AED,USD,0.271948
2024-12-15,SGD,USD,0.769425
2024-12-15,USD,USD,1.0
2024-12-16,INR,USD,0.011391
2024-12-16,GBP,USD,1.190966
2024-12-16,AED,USD,0.271943
2024-12-16,SGD,USD,0.769195
2024-12-16,USD,USD,1.0
2024-12-17,INR,USD,0.011388
2024-12-17,GBP,USD,1.19416
2024-12-17,AED,USD,0.271954
2024-12-17,SGD,USD,0.773524
2024-12-17,USD,USD,1.0
2024-12-18,INR,USD,0.011347
2024-12-18,GBP,USD,1.192773
2024-12-18,AED,USD,0.271963
2024-12-18,SGD,USD,0.76985
2024-12-18,USD,USD,1.0
2024-12-19,INR,USD,0.011396
2024-12-19,GBP,USD,1.192061
2024-12-19,AED,USD,0.27195
2024-12-19,SGD,USD,0.771984
2024-12-19,USD,USD,1.0
2024-12-20,INR,USD,0.011332
2024-12-20,GBP,USD,1.193321
2024-12-20,AED,USD,0.271933
2024-12-20,SGD,USD,0.771963
2024-12-20,USD,USD,1.0
2024-12-21,INR,USD,0.011342
2024-12-21,GBP,USD,1.198082
2024-12-21,AED,USD,0.27194
2024-12-21,SGD,USD,0.776555
2024-12-21,USD,USD,1.0
2024-12-22,INR,USD,0.011343
2024-12-22,GBP,USD,1.196004
2024-12-22,AED,USD,0.271961
2024-12-22,SGD,USD,0.776423
2024-12-22,USD,USD,1.0
2024-12-23,INR,USD,0.011354
2024-12-23,GBP,USD,1.172492
2024-12-23,AED,USD,0.271969
2024-12-23,SGD,USD,0.776271
2024-12-23,USD,USD,1.0
2024-12-24,INR,USD,0.011341
2024-12-24,GBP,USD,1.168605
2024-12-24,AED,USD,0.271984
2024-12-24,SGD,USD,0.771803
2024-12-24,USD,USD,1.0
2024-12-25,INR,USD,0.01143
2024-12-25,GBP,USD,1.175407
2024-12-25,AED,USD,0.27199
2024-12-25,SGD,USD,0.775985
2024-12-25,USD,USD,1.0
2024-12-26,INR,USD,0.011437
2024-12-26,GBP,USD,1.170102
2024-12-26,AED,USD,0.272008
2024-12-26,SGD,USD,0.772406
2024-12-26,USD,USD,1.0
2024-12-27,INR,USD,0.011454
2024-12-27,GBP,USD,1.177174
2024-12-27,AED,USD,0.272017
2024-12-27,SGD,USD,0.769248
2024-12-27,USD,USD,1.0
2024-12-28,INR,USD,0.011459
2024-12-28,GBP,USD,1.176429
2024-12-28,AED,USD,0.272005
2024-12-28,SGD,USD,0.764235
2024-12-28,USD,USD,1.0
2024-12-29,INR,USD,0.011424
2024-12-29,GBP,USD,1.173449
2024-12-29,AED,USD,0.272024
2024-12-29,SGD,USD,0.770235
2024-12-29,USD,USD,1.0
2024-12-30,INR,USD,0.011448
2024-12-30,GBP,USD,1.168782
2024-12-30,AED,USD,0.272017
2024-12-30,SGD,USD,0.772613
2024-12-30,USD,USD,1.0
2024-12-31,INR,USD,0.011465
2024-12-31,GBP,USD,1.171072
2024-12-31,AED,USD,0.272021
2024-12-31,SGD,USD,0.775257
2024-12-31,USD,USD,1.0
